periodo,idnoremp,ciiu4,idact,seccion,gastos_tot,gasprogesamb,actinv1,actinv2,actinv3,actinv4,actinv5,actinv6,actinv7,actinv8,actgast1,actgast2,actgast3,actgast4,actgast5,actgast6,actgast7,actgast8,actgast9
2020,12366,5222,6332,"H1 Auxiliares del transporte",136971770,1908989,0,0,0,0,0,0,0,1,1,1,1,1,1,1,1,0,1
2020,10017,5222,6332,"H1 Auxiliares del transporte",136971770,1908989,0,0,0,0,0,0,0,0,1,1,0,1,0,0,1,0,0
2020,12283,5223,6333,"H1 Auxiliares del transporte",136971771,1908990,0,1,1,1,0,0,0,0,0,1,1,1,0,0,0,0,0
2020,14588,5223,6333,"H1 Auxiliares del transporte",32549555,760566,0,0,0,0,0,0,0,0,1,1,1,0,0,0,0,0,0
2020,12790,5223,6333,"H1 Auxiliares del transporte",27354483,651317,0,0,0,0,0,0,0,0,0,1,0,1,0,0,1,0,0
2020,18195,5223,6333,"H1 Auxiliares del transporte",15846189,606237,0,0,0,0,0,0,0,0,1,1,1,1,1,0,1,0,1
2020,13646,5222,6332,"H1 Auxiliares del transporte",93854957,495574,0,1,0,1,0,0,0,0,0,0,0,1,0,0,1,0,1
2020,15093,5222,6332,"H1 Auxiliares del transporte",14758560,489657,1,0,0,0,1,0,0,0,1,1,1,1,1,1,1,0,0
2020,13350,5222,6332,"H1 Auxiliares del transporte",215933508,488764,0,0,0,0,0,0,0,1,1,1,0,1,0,0,1,0,0
2020,10210,5222,6332,"H1 Auxiliares del transporte",22938506,473211,0,0,0,0,0,0,0,0,1,1,0,1,0,0,1,0,0
2020,15073,5222,6332,"H1 Auxiliares del transporte",39220103,430665,0,1,0,0,0,0,0,1,1,1,0,1,0,1,1,0,0
2020,10436,5210,6320,"H1 Auxiliares del transporte",55348234,417347,0,0,0,0,0,0,0,0,1,0,0,1,0,0,0,0,0
2020,15102,5224,6310,"H1 Auxiliares del transporte",8948713,407140,0,0,0,0,0,0,0,0,0,1,0,1,0,0,1,0,0
2020,18513,5210,6320,"H1 Auxiliares del transporte",10862696,376394,0,0,0,0,0,0,0,0,0,0,0,1,0,0,1,0,0
2020,18156,5222,6332,"H1 Auxiliares del transporte",18584344,343240,0,0,0,0,0,0,0,0,1,1,1,1,1,0,1,0,0
2020,18483,5222,6332,"H1 Auxiliares del transporte",118859276,338401,0,0,0,0,0,0,0,0,1,0,0,1,0,0,1,0,0
2020,15074,5222,6332,"H1 Auxiliares del transporte",73025387,306266,0,0,0,0,0,0,0,1,1,1,0,1,1,1,1,0,0
2020,10273,5223,6333,"H1 Auxiliares del transporte",24964465,303325,0,0,0,0,0,0,0,1,1,1,0,1,1,0,1,0,0
2020,17974,5222,6332,"H1 Auxiliares del transporte",28695691,276438,0,0,0,0,0,0,0,0,1,1,0,1,0,0,1,0,0
2020,14253,5210,6320,"H1 Auxiliares del transporte",22632157,264000,0,1,0,0,0,0,0,0,0,1,0,1,0,0,0,0,0
2020,13349,5222,6332,"H1 Auxiliares del transporte",10181803,263894,0,0,0,0,0,0,0,0,0,0,0,0,1,0,0,0,0
2020,14683,5224,6310,"H1 Auxiliares del transporte",23400253,248328,1,0,0,0,1,0,0,0,0,1,0,1,1,0,0,0,0
2020,19789,5224,6310,"H1 Auxiliares del transporte",14241843,221246,1,0,0,1,1,0,0,0,1,1,0,1,1,0,1,0,0
2020,19708,5222,6332,"H1 Auxiliares del transporte",2399064,200000,0,0,0,0,0,0,0,0,1,0,0,0,0,1,0,0,0
2020,10429,5210,6320,"H1 Auxiliares del transporte",51937915,179079,0,0,0,0,0,0,0,1,0,0,0,0,0,0,0,0,1
2020,13233,5229,6390,"H1 Auxiliares del transporte",67401151,147975,1,0,0,0,0,0,0,0,1,0,0,1,0,0,0,0,0
2020,11491,5229,6339,"H1 Auxiliares del transporte",33325312,135238,0,0,0,0,0,0,0,0,1,1,0,1,0,0,0,0,0
2020,18282,5222,6332,"H1 Auxiliares del transporte",32290560,131351,0,0,0,0,0,0,0,0,1,0,0,1,0,0,1,0,0
2020,14582,5222,6332,"H1 Auxiliares del transporte",89187830,116882,0,1,0,0,0,0,0,0,1,1,0,1,1,1,1,0,1
2020,14228,5223,6333,"H1 Auxiliares del transporte",106354880,112000,1,1,1,1,1,0,0,0,1,1,1,1,1,0,1,0,0
2020,18385,5229,6390,"H1 Auxiliares del transporte",75787203,100511,0,0,0,0,0,0,0,0,1,1,0,0,0,0,1,0,0
2020,11830,5210,6320,"H1 Auxiliares del transporte",18813821,99849,0,0,0,0,0,0,0,0,1,0,0,1,0,0,1,0,0
2020,10430,5210,6320,"H1 Auxiliares del transporte",57321514,98000,1,0,0,1,0,0,0,0,0,0,0,1,0,0,0,0,0
2020,10423,5210,6320,"H1 Auxiliares del transporte",11151062,96487,0,0,0,0,0,0,0,0,0,0,0,1,0,0,0,0,0
2020,10506,5229,6390,"H1 Auxiliares del transporte",16511075,96320,1,0,0,1,0,0,0,0,1,0,0,1,0,0,0,0,0
2020,18044,5210,6320,"H1 Auxiliares del transporte",5044727,89523,0,0,0,0,0,0,0,0,1,0,0,1,0,0,0,0,0
2020,15088,5224,6310,"H1 Auxiliares del transporte",2882064,70000,0,0,0,0,0,0,0,0,0,0,0,1,0,0,0,0,0
2020,10494,5229,6390,"H1 Auxiliares del transporte",41943924,69850,0,0,0,0,0,0,0,0,0,1,0,1,0,0,0,0,1
2020,12429,5221,6331,"H1 Auxiliares del transporte",31812053,67699,0,0,0,0,0,0,0,0,1,1,1,1,1,0,1,0,0
2020,10439,5221,6331,"H1 Auxiliares del transporte",36783831,65246,0,0,0,0,0,0,0,0,1,1,0,1,0,0,1,1,0
2020,10444,5223,6333,"H1 Auxiliares del transporte",45154156,62604,0,1,0,1,0,0,0,0,0,1,0,1,0,0,1,0,0
2020,13878,5229,6390,"H1 Auxiliares del transporte",14317945,62400,0,0,0,0,0,0,0,0,1,1,0,0,0,0,0,0,0
2020,18393,5224,6310,"H1 Auxiliares del transporte",2754888,62400,0,0,0,0,0,0,0,0,1,1,0,0,0,0,0,0,0
2020,18989,5210,6320,"H1 Auxiliares del transporte",7822056,59011,0,0,0,0,0,0,1,0,0,0,0,1,0,1,0,0,0
2020,10433,5210,6320,"H1 Auxiliares del transporte",11406978,59007,0,1,0,1,0,0,0,0,0,1,0,1,0,1,1,0,0
2020,15181,5210,6320,"H1 Auxiliares del transporte",2338825,55080,1,1,1,1,1,1,0,0,1,1,1,1,1,1,1,0,0
2020,19920,5210,6320,"H1 Auxiliares del transporte",90273866,50500,1,1,1,1,0,0,0,0,1,1,0,1,0,0,1,0,0
2020,11902,5229,6390,"H1 Auxiliares del transporte",4583460,50003,0,0,0,0,0,0,0,0,0,1,0,1,0,1,1,0,1
2020,10018,5222,6332,"H1 Auxiliares del transporte",4564960,44310,0,0,0,0,0,0,0,0,0,0,0,0,0,0,1,0,0
2020,14445,5221,6331,"H1 Auxiliares del transporte",4497156,43637,0,0,0,0,0,0,0,0,0,0,0,1,0,0,0,0,1
2020,18036,5229,6390,"H1 Auxiliares del transporte",3111407,42270,0,0,0,0,0,0,0,0,1,1,0,0,0,0,0,0,0
2020,14601,5229,6339,"H1 Auxiliares del transporte",23820302,42000,0,0,0,0,0,0,0,0,0,1,0,1,0,0,0,0,0
2020,18438,5224,6310,"H1 Auxiliares del transporte",20860757,40000,0,0,0,1,0,0,0,0,0,0,0,1,0,0,0,0,0
2020,13854,5223,6333,"H1 Auxiliares del transporte",50981158,38719,0,0,0,0,1,0,0,1,0,0,0,1,0,0,0,0,1
2020,13041,5223,6333,"H1 Auxiliares del transporte",9758752,37793,1,0,0,0,0,0,1,1,1,0,0,1,0,0,1,0,1
2020,10213,5210,6320,"H1 Auxiliares del transporte",17410596,36632,0,0,0,0,0,0,0,0,1,0,0,1,0,0,1,0,0
2020,18007,5229,6339,"H1 Auxiliares del transporte",102144199,30849,0,1,0,1,0,0,0,0,0,1,0,1,0,0,0,0,0
2020,14988,5221,6331,"H1 Auxiliares del transporte",1975370,30121,0,0,0,0,0,0,0,0,0,1,0,1,0,1,1,0,0
2020,18469,5222,6332,"H1 Auxiliares del transporte",2885235,29782,0,1,0,0,0,0,0,0,0,0,0,0,0,0,1,0,0
2020,10409,5224,6310,"H1 Auxiliares del transporte",49713995,29319,0,0,0,0,0,0,0,0,1,0,0,1,0,0,1,1,0
2020,13581,5224,6310,"H1 Auxiliares del transporte",18675580,27834,0,0,0,0,0,0,0,0,0,1,0,1,0,0,1,0,1
2020,10500,5229,6390,"H1 Auxiliares del transporte",36949528,25000,0,1,0,1,0,0,0,1,0,1,0,1,0,0,0,0,0
2020,10450,5229,6390,"H1 Auxiliares del transporte",21591091,24948,0,0,0,0,0,0,0,0,0,0,0,1,0,0,0,0,0
2020,18534,5222,6332,"H1 Auxiliares del transporte",12002388,24395,0,1,0,1,0,0,0,0,0,0,0,1,0,0,0,0,0
2020,14584,5224,6310,"H1 Auxiliares del transporte",15759174,22840,0,0,0,0,1,1,0,0,0,0,0,1,0,1,1,0,0
2020,18920,5210,6320,"H1 Auxiliares del transporte",108282014,22809,0,0,0,0,0,0,0,0,0,0,0,0,1,0,0,0,0
2020,10187,5229,6390,"H1 Auxiliares del transporte",10902915,22000,0,0,0,0,0,0,0,0,0,1,1,1,0,0,0,0,0
2020,15725,5229,6390,"H1 Auxiliares del transporte",2712931,21709,0,0,0,0,0,0,0,0,0,0,0,0,0,0,0,0,1
2020,11901,5229,6390,"H1 Auxiliares del transporte",73732579,21430,0,1,0,1,0,1,0,1,0,1,0,1,0,1,1,0,1
2020,10516,5229,6390,"H1 Auxiliares del transporte",12506980,20000,0,0,0,0,0,0,0,0,0,1,0,1,0,0,1,0,0
2020,15075,5224,6310,"H1 Auxiliares del transporte",16888874,19845,0,0,0,0,0,0,0,0,1,0,0,1,1,1,0,0,0
2020,14617,5224,6310,"H1 Auxiliares del transporte",10491132,19503,0,0,0,0,0,0,0,0,1,0,0,1,0,0,0,0,0
2020,18323,5224,6310,"H1 Auxiliares del transporte",7383972,18978,0,0,0,0,0,0,0,0,1,1,0,1,0,0,1,0,0
2020,18691,5210,6320,"H1 Auxiliares del transporte",5144603,17905,0,0,0,0,0,0,0,0,0,0,0,1,0,0,1,0,0
2020,13559,5224,6310,"H1 Auxiliares del transporte",7527596,17714,0,0,0,0,0,0,0,0,0,1,0,0,0,1,1,0,1
2020,18031,5223,6333,"H1 Auxiliares del transporte",7129956,17513,1,0,0,0,0,0,1,0,1,0,0,1,0,0,1,0,1
2020,18286,5210,6320,"H1 Auxiliares del transporte",8485395,15822,0,0,0,0,0,0,0,0,0,1,0,1,0,0,1,0,0
2020,13000,5229,6390,"H1 Auxiliares del transporte",116442720,15497,0,1,0,1,1,1,0,0,0,0,0,1,1,1,1,0,0
2020,10497,5229,6390,"H1 Auxiliares del transporte",14002096,12284,0,0,0,0,0,0,0,0,0,0,0,1,0,0,0,0,1
2020,14938,5221,6331,"H1 Auxiliares del transporte",3215849,12000,0,1,0,1,0,0,0,0,0,1,0,1,0,0,0,0,0
2020,18482,5221,6331,"H1 Auxiliares del transporte",13587982,11962,0,0,0,0,0,0,0,0,0,0,0,0,0,0,0,0,1
2020,10425,5210,6320,"H1 Auxiliares del transporte",11181336,11500,0,1,0,1,1,0,0,0,0,1,0,1,0,0,1,0,0
2020,10453,5229,6390,"H1 Auxiliares del transporte",780644684,11363,0,1,0,1,1,0,0,0,0,1,0,1,1,0,0,0,0
2020,15306,5222,6332,"H1 Auxiliares del transporte",5608419,11000,0,0,0,0,0,0,0,0,0,0,0,0,0,0,0,0,1
2020,10230,5224,6310,"H1 Auxiliares del transporte",7497746,10000,0,0,0,0,0,0,0,0,0,1,0,1,1,0,0,0,0
2020,14271,5224,6310,"H1 Auxiliares del transporte",2136256,10000,0,0,0,0,0,0,0,0,0,0,0,1,0,1,0,0,0
2020,18594,5210,6320,"H1 Auxiliares del transporte",11271669,9994,0,0,0,1,0,0,0,0,0,0,0,1,1,0,1,0,0
2020,14676,5222,6332,"H1 Auxiliares del transporte",3413913,9777,0,0,0,0,0,0,0,0,0,0,0,1,0,0,1,0,0
2020,10424,5210,6320,"H1 Auxiliares del transporte",17867158,9729,1,1,0,1,0,0,0,0,0,1,0,1,0,0,1,0,0
2020,18018,5210,6320,"H1 Auxiliares del transporte",24823619,7871,0,0,0,0,0,0,0,0,0,0,0,0,0,0,1,0,0
2020,15072,5224,6310,"H1 Auxiliares del transporte",39700443,7748,0,0,0,0,0,0,0,0,0,1,0,1,0,1,0,0,0
2020,14586,5224,6310,"H1 Auxiliares del transporte",4987720,7500,0,0,0,0,0,0,0,1,0,0,0,0,0,0,1,0,0
2020,15032,5221,6331,"H1 Auxiliares del transporte",1240175,6433,0,0,0,0,0,0,0,0,0,0,0,1,0,0,0,0,1
2020,14148,5224,6310,"H1 Auxiliares del transporte",2551910,6000,0,0,0,0,0,0,0,0,0,0,0,1,0,0,0,0,0
2020,14600,5229,6390,"H1 Auxiliares del transporte",9454399,6000,0,0,0,0,0,0,0,0,0,1,0,1,0,0,0,0,0
2020,12765,5229,6390,"H1 Auxiliares del transporte",3712905,5500,0,0,0,0,0,0,0,0,0,1,0,1,0,0,0,0,0
2020,14593,5229,6390,"H1 Auxiliares del transporte",36577733,5250,1,1,0,1,0,0,0,0,1,1,0,1,0,0,0,0,0
2020,11811,5210,6320,"H1 Auxiliares del transporte",12939168,5019,1,0,0,1,0,0,0,0,0,0,0,1,0,0,0,0,0
2020,12205,5210,6320,"H1 Auxiliares del transporte",7077082,5000,0,1,0,0,0,0,0,1,0,1,0,1,0,0,1,0,0
2020,10510,5229,6390,"H1 Auxiliares del transporte",270921724,4059,1,1,0,1,0,0,0,0,0,1,0,1,0,0,1,0,0
2020,19089,5221,6331,"H1 Auxiliares del transporte",2597829,3583,0,0,0,0,0,0,0,0,0,0,0,1,0,0,1,0,0
2020,10158,5224,6310,"H1 Auxiliares del transporte",15492064,3581,0,0,0,0,0,0,0,0,0,0,0,1,0,0,0,0,0
2020,18471,5223,6333,"H1 Auxiliares del transporte",10592716,3474,0,0,0,0,0,0,0,0,0,0,0,0,0,0,1,0,0
2020,10185,5229,6339,"H1 Auxiliares del transporte",12032712,2681,0,0,0,0,0,0,0,0,0,0,0,0,0,0,0,0,1
2020,10488,5229,6390,"H1 Auxiliares del transporte",11064992,2432,0,0,0,0,0,0,0,0,0,1,0,1,0,0,1,0,0
2020,10410,5229,6390,"H1 Auxiliares del transporte",3918779,2352,0,0,0,0,0,0,0,0,0,0,0,1,0,0,0,0,0
2020,10024,5229,6390,"H1 Auxiliares del transporte",2128876,2025,0,0,0,0,0,0,0,0,0,0,0,1,0,0,0,0,0
2020,12176,5221,6331,"H1 Auxiliares del transporte",1862467,1895,0,1,0,1,1,0,0,1,0,1,0,0,0,0,0,0,0
2020,14720,5224,6310,"H1 Auxiliares del transporte",3012642,1877,0,0,0,0,0,0,0,0,0,0,0,1,0,0,0,0,0
2020,14604,5224,6310,"H1 Auxiliares del transporte",238349580,1861,0,0,0,0,0,0,0,0,1,0,0,1,1,0,1,0,0
2020,14851,5221,6331,"H1 Auxiliares del transporte",10116932,1714,0,0,0,0,0,0,0,0,0,0,0,1,0,0,0,0,0
2020,14723,5224,6310,"H1 Auxiliares del transporte",3179443,1672,0,0,0,0,0,0,0,0,0,0,0,0,0,0,1,0,0
2020,10446,5229,6339,"H1 Auxiliares del transporte",98322790,1584,0,0,0,0,0,0,0,0,0,0,1,0,0,0,0,0,0
2020,12337,5229,6390,"H1 Auxiliares del transporte",13133404,1565,0,1,0,1,1,0,0,0,0,1,0,1,0,1,0,0,0
2020,18467,5222,6332,"H1 Auxiliares del transporte",81748532,1280,0,0,0,0,0,0,0,1,1,1,0,1,1,1,1,0,0
2020,19109,5221,6331,"H1 Auxiliares del transporte",3080774,1200,0,0,0,0,0,0,0,0,0,1,0,0,0,0,0,0,0
2020,14646,5229,6390,"H1 Auxiliares del transporte",7569485,1186,0,0,0,0,0,0,0,0,0,0,0,1,0,0,0,0,0
2020,10214,5229,6339,"H1 Auxiliares del transporte",1673619,1148,0,0,0,0,0,0,0,0,1,0,0,1,0,0,0,0,0
2020,18687,5229,6390,"H1 Auxiliares del transporte",20055756,1000,0,0,0,1,0,0,0,0,0,0,0,1,0,0,0,0,0
2020,19065,5224,6310,"H1 Auxiliares del transporte",4786171,1000,0,0,0,0,0,0,0,0,0,0,0,0,0,0,1,0,0
2020,10766,5210,6320,"H1 Auxiliares del transporte",1979810,650,0,0,0,0,0,0,0,0,0,0,0,1,0,0,0,0,0
2020,14687,5224,6310,"H1 Auxiliares del transporte",11227404,550,0,0,0,0,0,0,0,0,0,0,0,1,0,1,0,0,0
2020,19921,5210,6320,"H1 Auxiliares del transporte",12820703,442,0,0,0,0,0,0,0,0,0,1,0,1,0,1,0,0,0
2020,13859,5229,6390,"H1 Auxiliares del transporte",10796709,400,0,0,0,0,0,0,0,0,0,0,0,1,0,0,0,0,0
2020,10496,5229,6390,"H1 Auxiliares del transporte",21311562,280,1,1,0,1,0,0,0,0,0,1,0,0,0,1,0,0,0
2020,10508,5229,6390,"H1 Auxiliares del transporte",9972239,254,0,0,0,0,0,0,0,0,0,0,0,1,0,0,0,0,0
2020,13346,5224,6310,"H1 Auxiliares del transporte",12944880,125,0,0,0,0,0,0,0,0,0,0,0,1,0,1,0,0,0
2020,18515,5229,6390,"H1 Auxiliares del transporte",9328100,70,0,1,0,1,0,0,0,0,0,1,0,1,0,0,0,0,0
2020,11509,5222,6332,"H1 Auxiliares del transporte",22096942,1,0,0,0,0,0,0,0,0,1,0,0,0,0,0,0,0,0
2020,10013,5222,6332,"H1 Auxiliares del transporte",17615466,0,0,0,0,0,0,0,0,0,0,0,0,0,0,0,0,0,0
2020,10015,5210,6320,"H1 Auxiliares del transporte",10395723,0,0,1,0,1,0,0,0,0,0,0,0,0,0,0,0,0,0
2020,10021,5229,6390,"H1 Auxiliares del transporte",5916569,0,0,0,0,0,0,0,0,0,0,0,0,0,0,0,0,0,0
2020,10022,5229,6390,"H1 Auxiliares del transporte",8658682,0,0,1,0,1,0,0,0,0,0,0,0,0,0,0,0,0,0
2020,10023,5229,6390,"H1 Auxiliares del transporte",3030444,0,0,0,0,0,0,0,0,0,0,0,0,0,0,0,0,0,0
2020,10025,5229,6390,"H1 Auxiliares del transporte",3176378,0,0,0,0,0,0,0,0,0,0,0,0,0,0,0,0,0,0
2020,10128,5229,6390,"H1 Auxiliares del transporte",1992354,0,0,0,0,0,0,0,0,0,0,0,0,0,0,0,0,0,0
2020,10141,5229,6390,"H1 Auxiliares del transporte",3120057,0,0,0,0,0,0,0,0,0,0,0,0,0,0,0,0,0,0
2020,10145,5221,6331,"H1 Auxiliares del transporte",5940935,0,0,0,0,0,0,0,0,0,0,0,0,0,0,0,0,0,0
2020,10157,5224,6310,"H1 Auxiliares del transporte",1980084,0,0,0,0,0,0,0,0,0,0,0,0,0,0,0,0,0,0
2020,10203,5224,6310,"H1 Auxiliares del transporte",4137007,0,0,0,0,0,0,0,0,0,0,0,0,0,0,0,0,0,0
2020,10225,5229,6390,"H1 Auxiliares del transporte",58030157,0,0,0,0,0,0,0,0,0,0,0,0,0,0,0,0,0,0
2020,10228,5224,6310,"H1 Auxiliares del transporte",4494489,0,0,0,0,0,0,0,0,0,0,0,0,0,0,0,0,0,0
2020,10278,5224,6310,"H1 Auxiliares del transporte",2770028,0,0,0,0,0,0,0,0,0,0,0,0,0,0,0,0,0,0
2020,18547,5224,6310,"H1 Auxiliares del transporte",2060971,0,0,0,0,0,0,0,0,0,0,0,0,0,0,0,0,0,0
2020,17968,5224,6310,"H1 Auxiliares del transporte",29649203,0,0,0,0,0,0,0,0,0,0,0,0,0,0,0,0,0,0
2020,17969,5224,6310,"H1 Auxiliares del transporte",10751875,0,0,0,0,0,0,0,0,0,0,0,0,0,0,0,0,0,0
2020,17971,5224,6310,"H1 Auxiliares del transporte",2017229,0,0,0,0,0,0,0,0,0,0,0,0,0,0,0,0,0,0
2020,19354,5222,6332,"H1 Auxiliares del transporte",2757370,0,0,0,0,1,1,0,0,0,0,0,0,0,0,0,0,0,0
2020,10411,5229,6390,"H1 Auxiliares del transporte",7147582,0,0,0,0,0,0,0,0,0,0,0,0,0,0,0,0,0,0
2020,10412,5229,6390,"H1 Auxiliares del transporte",5472798,0,0,0,0,0,0,0,0,0,0,0,0,0,0,0,0,0,0
2020,10413,5229,6390,"H1 Auxiliares del transporte",22450057,0,0,0,0,0,0,0,0,0,0,0,0,0,0,0,0,0,0
2020,10415,5224,6310,"H1 Auxiliares del transporte",67170673,0,0,0,0,0,0,0,0,0,0,0,0,0,0,0,0,0,0
2020,10420,5229,6390,"H1 Auxiliares del transporte",46125429,0,0,0,0,0,0,0,0,0,0,0,0,0,0,0,0,0,0
2020,10421,5224,6310,"H1 Auxiliares del transporte",19829984,0,0,0,0,0,0,0,0,0,0,0,0,0,0,0,0,0,0
2020,10422,5210,6320,"H1 Auxiliares del transporte",4731481,0,0,0,0,0,0,0,0,0,0,0,0,0,0,0,0,0,0
2020,15445,5210,6320,"H1 Auxiliares del transporte",3867286,0,0,0,0,1,0,0,0,0,0,0,0,0,0,0,0,0,0
2020,10426,5210,6320,"H1 Auxiliares del transporte",3082086,0,0,0,0,0,0,0,0,0,0,0,0,0,0,0,0,0,0
2020,10428,5210,6320,"H1 Auxiliares del transporte",98404965,0,0,0,0,0,0,0,0,1,0,0,0,0,0,0,0,0,0
2020,10431,5210,6320,"H1 Auxiliares del transporte",16839466,0,0,0,0,0,0,0,0,0,0,0,0,0,0,0,0,0,0
2020,10432,5210,6320,"H1 Auxiliares del transporte",14631823,0,0,0,0,0,0,0,0,0,0,0,0,0,0,0,0,0,0
2020,10434,5210,6320,"H1 Auxiliares del transporte",79673891,0,0,0,0,0,0,0,0,0,0,0,0,0,0,0,0,0,0
2020,10435,5210,6320,"H1 Auxiliares del transporte",5689554,0,0,0,0,0,0,0,0,0,0,0,0,0,0,0,0,0,0
2020,10437,5221,6331,"H1 Auxiliares del transporte",34215618,0,0,0,0,0,0,0,0,0,0,0,0,0,0,0,0,0,0
2020,10438,5221,6331,"H1 Auxiliares del transporte",28655373,0,0,0,0,0,0,0,0,0,0,0,0,0,0,0,0,0,0
2020,10440,5221,6331,"H1 Auxiliares del transporte",42117594,0,0,0,0,0,0,0,0,0,0,0,0,0,0,0,0,0,0
2020,10441,5221,6331,"H1 Auxiliares del transporte",12130907,0,0,0,0,0,0,0,0,0,0,0,0,0,0,0,0,0,0
2020,10442,5224,6310,"H1 Auxiliares del transporte",21824945,0,0,0,0,0,0,0,0,0,0,0,0,0,0,0,0,0,0
2020,10443,5224,6310,"H1 Auxiliares del transporte",32473006,0,0,0,0,0,0,0,0,0,0,0,0,0,0,0,0,0,0
2020,10449,5229,6390,"H1 Auxiliares del transporte",26973521,0,0,0,0,0,0,0,0,0,0,0,0,0,0,0,0,0,0
2020,10451,5229,6339,"H1 Auxiliares del transporte",1039296,0,0,0,0,0,0,0,0,0,0,0,0,0,0,0,0,0,0
2020,10464,5229,6390,"H1 Auxiliares del transporte",35722593,0,0,0,0,0,0,0,0,0,0,0,0,0,0,0,0,0,0
2020,10469,5229,6390,"H1 Auxiliares del transporte",5185477,0,0,0,0,0,0,0,0,0,0,0,0,0,0,0,0,0,0
2020,10478,5229,6390,"H1 Auxiliares del transporte",219324,0,0,0,0,0,0,0,0,0,0,0,0,0,0,0,0,0,0
2020,19360,5229,6390,"H1 Auxiliares del transporte",1850214,0,0,0,0,0,0,0,0,0,0,0,0,0,0,0,0,0,0
2020,10480,5229,6390,"H1 Auxiliares del transporte",4779021,0,0,0,0,0,0,0,0,0,0,0,0,0,0,0,0,0,0
2020,10481,5229,6390,"H1 Auxiliares del transporte",10425383,0,0,0,0,0,0,0,0,0,0,0,0,0,0,0,0,0,0
2020,10483,5229,6390,"H1 Auxiliares del transporte",7350993,0,0,0,0,0,0,0,0,0,0,0,0,0,0,0,0,0,0
2020,10484,5229,6390,"H1 Auxiliares del transporte",4388789,0,0,0,0,0,0,0,0,0,0,0,0,0,0,0,0,0,0
2020,10485,5229,6390,"H1 Auxiliares del transporte",21565838,0,0,0,0,0,0,0,0,0,0,0,0,0,0,0,0,0,0
2020,10486,5229,6390,"H1 Auxiliares del transporte",5163892,0,0,0,0,0,0,0,0,0,0,0,0,0,0,0,0,0,0
2020,10487,5229,6390,"H1 Auxiliares del transporte",16222653,0,0,0,0,0,0,0,0,0,0,0,0,0,0,0,0,0,0
2020,10489,5229,6390,"H1 Auxiliares del transporte",12140988,0,0,0,0,0,0,0,0,0,0,0,0,0,0,0,0,0,0
2020,10490,5229,6390,"H1 Auxiliares del transporte",38316724,0,0,0,0,0,0,0,0,0,0,0,0,0,0,0,0,0,0
2020,10491,5229,6390,"H1 Auxiliares del transporte",15615508,0,0,0,0,0,0,0,0,0,0,0,0,0,0,0,0,0,0
2020,10492,5229,6390,"H1 Auxiliares del transporte",8660216,0,0,0,0,0,0,0,0,0,0,0,0,0,0,0,0,0,0
2020,10495,5229,6390,"H1 Auxiliares del transporte",4273195,0,0,0,0,0,0,0,0,0,0,0,0,0,0,0,0,0,0
2020,10499,5229,6390,"H1 Auxiliares del transporte",29494871,0,0,0,0,0,0,0,0,0,0,0,0,0,0,0,0,0,0
2020,10501,5229,6390,"H1 Auxiliares del transporte",13570402,0,0,0,0,0,0,0,0,0,0,0,0,0,0,0,0,0,0
2020,10502,5229,6390,"H1 Auxiliares del transporte",6899226,0,0,0,0,0,0,0,0,0,0,0,0,0,0,0,0,0,0
2020,10503,5229,6390,"H1 Auxiliares del transporte",5441595,0,0,0,0,0,0,0,0,0,0,0,0,0,0,0,0,0,0
2020,10505,5229,6390,"H1 Auxiliares del transporte",2858259,0,0,0,0,0,0,0,0,0,0,0,0,0,0,0,0,0,0
2020,10507,5229,6390,"H1 Auxiliares del transporte",3055897,0,0,0,0,0,0,0,0,0,0,0,0,0,0,0,0,0,0
2020,10509,5229,6390,"H1 Auxiliares del transporte",5990306,0,0,0,0,0,0,0,0,0,0,0,0,0,0,0,0,0,0
2020,10512,5229,6390,"H1 Auxiliares del transporte",1794733,0,0,0,0,0,0,0,0,0,0,0,0,0,0,0,0,0,0
2020,10513,5229,6390,"H1 Auxiliares del transporte",1930436,0,0,0,0,0,0,0,0,0,0,0,0,0,0,0,0,0,0
2020,10514,5229,6390,"H1 Auxiliares del transporte",2810516,0,0,0,0,0,0,0,0,0,0,0,0,0,0,0,0,0,0
2020,10515,5229,6390,"H1 Auxiliares del transporte",7241671,0,0,1,0,1,0,0,1,0,0,0,0,0,0,0,0,0,0
2020,10572,5229,6339,"H1 Auxiliares del transporte",26276927,0,0,0,0,0,0,0,0,0,0,0,0,0,0,0,0,0,0
2020,10997,5210,6320,"H1 Auxiliares del transporte",37293408,0,0,0,0,0,0,0,0,0,0,0,0,0,0,0,0,0,0
2020,11223,5229,6390,"H1 Auxiliares del transporte",8165066,0,0,0,0,0,0,0,0,0,0,0,0,0,0,0,0,0,0
2020,11229,5210,6320,"H1 Auxiliares del transporte",3549120,0,0,0,0,0,0,0,0,0,0,0,0,0,0,0,0,0,0
2020,15548,5210,6320,"H1 Auxiliares del transporte",8158044,0,0,0,0,0,0,0,0,0,0,0,0,0,0,0,0,0,0
2020,11470,5229,6390,"H1 Auxiliares del transporte",7648854,0,0,0,0,0,0,0,0,0,0,0,0,0,0,0,0,0,0
2020,11473,5229,6390,"H1 Auxiliares del transporte",10829679,0,0,0,0,0,0,0,0,0,0,0,0,0,0,0,0,0,0
2020,11474,5229,6390,"H1 Auxiliares del transporte",3047077,0,0,0,0,0,0,0,0,0,0,0,0,0,0,0,0,0,0
2020,11475,5221,6331,"H1 Auxiliares del transporte",3072336,0,0,0,0,0,0,0,0,0,0,0,0,0,0,0,0,0,0
2020,11518,5224,6310,"H1 Auxiliares del transporte",1600577,0,0,0,0,0,0,0,0,0,0,0,0,0,0,0,0,0,0
2020,11555,5229,6390,"H1 Auxiliares del transporte",6660371,0,0,0,0,0,0,0,0,0,0,0,0,0,0,0,0,0,0
2020,11556,5221,6331,"H1 Auxiliares del transporte",13911698,0,0,0,0,0,0,0,0,0,0,0,0,0,0,0,0,0,0
2020,11597,5229,6390,"H1 Auxiliares del transporte",4649697,0,0,0,0,0,0,0,0,0,0,0,0,0,0,0,0,0,0
2020,11627,5229,6390,"H1 Auxiliares del transporte",1671624,0,0,0,0,0,0,0,0,0,0,0,0,0,0,0,0,0,0
2020,11629,5229,6390,"H1 Auxiliares del transporte",19031874,0,0,0,0,1,0,0,0,0,0,0,0,0,0,0,0,0,0
2020,11635,5229,6390,"H1 Auxiliares del transporte",6680745,0,0,0,0,0,0,0,0,0,0,0,0,0,0,0,0,0,0
2020,11661,5229,6390,"H1 Auxiliares del transporte",35366294,0,0,0,0,0,0,0,0,0,0,0,0,0,0,0,0,0,0
2020,11755,5229,6390,"H1 Auxiliares del transporte",1898434,0,0,0,0,0,0,0,0,0,0,0,0,0,0,0,0,0,0
2020,11756,5229,6390,"H1 Auxiliares del transporte",4291514,0,0,0,0,0,0,0,0,0,0,0,0,0,0,0,0,0,0
2020,11791,5210,6320,"H1 Auxiliares del transporte",3133350,0,0,0,0,0,0,0,0,0,0,0,0,0,0,0,0,0,0
2020,11827,5229,6390,"H1 Auxiliares del transporte",2206051,0,0,0,0,0,0,0,0,0,0,0,0,0,0,0,0,0,0
2020,11832,5229,6390,"H1 Auxiliares del transporte",5639229,0,0,0,0,0,0,0,0,0,0,0,0,0,0,0,0,0,0
2020,11933,5210,6320,"H1 Auxiliares del transporte",8689839,0,0,0,0,0,0,0,0,0,0,0,0,0,0,0,0,0,0
2020,11936,5229,6390,"H1 Auxiliares del transporte",9516407,0,0,0,0,0,0,0,0,0,0,0,0,0,0,0,0,0,0
2020,12008,5229,6339,"H1 Auxiliares del transporte",11748887,0,0,0,0,0,0,0,0,0,0,0,0,0,0,0,0,0,0
2020,12078,5229,6390,"H1 Auxiliares del transporte",5439162,0,0,0,0,0,0,0,0,0,0,0,0,0,0,0,0,0,0
2020,12107,5210,6320,"H1 Auxiliares del transporte",3015961,0,0,1,0,1,0,0,0,0,0,0,0,0,0,0,0,0,0
2020,12152,5210,6320,"H1 Auxiliares del transporte",9405785,0,0,0,0,0,0,0,0,0,0,0,0,0,0,0,0,0,0
2020,12163,5229,6390,"H1 Auxiliares del transporte",2502099,0,0,0,0,0,0,0,0,0,0,0,0,0,0,0,0,0,0
2020,12185,5229,6390,"H1 Auxiliares del transporte",4784371,0,0,0,0,0,0,0,0,0,0,0,0,0,0,0,0,0,0
2020,12207,5224,6310,"H1 Auxiliares del transporte",2517400,0,0,0,0,0,0,0,0,0,0,0,0,0,0,0,0,0,0
2020,12229,5221,6331,"H1 Auxiliares del transporte",6285492,0,0,0,0,0,0,0,0,0,0,0,0,0,0,0,0,0,0
2020,12255,5229,6390,"H1 Auxiliares del transporte",6796392,0,0,0,0,0,0,0,0,0,0,0,0,0,0,0,0,0,0
2020,12262,5229,6390,"H1 Auxiliares del transporte",5868587,0,0,0,0,0,0,0,0,0,0,0,0,0,0,0,0,0,0
2020,12267,5229,6390,"H1 Auxiliares del transporte",2117237,0,0,0,0,0,0,0,0,0,0,0,0,0,0,0,0,0,0
2020,12270,5229,6390,"H1 Auxiliares del transporte",9083276,0,0,0,0,0,0,0,0,0,0,0,0,0,0,0,0,0,0
2020,12284,5229,6390,"H1 Auxiliares del transporte",1985727,0,0,0,0,0,0,0,0,0,0,0,0,0,0,0,0,0,0
2020,12333,5229,6390,"H1 Auxiliares del transporte",3616307,0,0,0,0,0,0,0,0,0,0,0,0,0,0,0,0,0,0
2020,12334,5224,6310,"H1 Auxiliares del transporte",1106784,0,0,0,0,0,0,0,0,0,0,0,0,0,0,0,0,0,0
2020,12420,5229,6390,"H1 Auxiliares del transporte",29140470,0,0,0,0,0,0,0,0,0,0,0,0,0,0,0,0,0,0
2020,19792,5229,6339,"H1 Auxiliares del transporte",6058040,0,0,0,0,0,0,0,0,0,0,0,0,0,0,0,0,0,0
2020,19388,5229,6390,"H1 Auxiliares del transporte",1095124,0,0,0,0,0,0,0,0,0,0,0,0,0,0,0,0,0,0
2020,12421,5229,6339,"H1 Auxiliares del transporte",10840278,0,0,0,0,0,0,0,0,0,0,0,0,0,0,0,0,0,0
2020,12424,5224,6310,"H1 Auxiliares del transporte",15020272,0,0,0,0,0,0,0,0,0,0,0,0,0,0,0,0,0,0
2020,12425,5229,6390,"H1 Auxiliares del transporte",12102292,0,0,0,0,0,0,0,0,0,0,0,0,0,0,0,0,0,0
2020,12427,5229,6390,"H1 Auxiliares del transporte",23026697,0,0,0,0,0,0,0,0,0,0,0,0,0,0,0,0,0,0
2020,12428,5229,6390,"H1 Auxiliares del transporte",48323210,0,0,0,0,0,0,0,0,0,0,0,0,0,0,0,0,0,0
2020,12630,5224,6310,"H1 Auxiliares del transporte",17418779,0,0,0,0,0,0,0,0,0,0,0,0,0,0,0,0,0,0
2020,12697,5224,6310,"H1 Auxiliares del transporte",8827784,0,0,0,0,0,0,0,0,0,0,0,0,0,0,0,0,0,0
2020,12723,5210,6320,"H1 Auxiliares del transporte",2129547,0,0,0,0,0,0,0,0,0,0,0,0,0,0,0,0,0,0
2020,12759,5224,6310,"H1 Auxiliares del transporte",17398423,0,0,0,0,0,0,0,0,0,0,0,0,0,0,0,0,0,0
2020,12793,5229,6390,"H1 Auxiliares del transporte",5155912,0,0,0,0,0,0,0,0,0,0,0,0,0,0,0,0,0,0
2020,12796,5229,6390,"H1 Auxiliares del transporte",12460813,0,0,0,0,0,0,0,0,1,0,0,0,0,0,0,0,0,0
2020,12895,5229,6390,"H1 Auxiliares del transporte",29978384,0,0,0,0,0,0,0,0,0,0,0,0,0,0,0,0,0,0
2020,13040,5229,6339,"H1 Auxiliares del transporte",1085054,0,0,0,0,0,0,0,0,0,0,0,0,0,0,0,0,0,0
2020,19404,5229,6339,"H1 Auxiliares del transporte",2822350,0,0,0,0,0,0,0,0,0,0,0,0,0,0,0,0,0,0
2020,13058,5229,6339,"H1 Auxiliares del transporte",55079984,0,0,0,0,0,0,0,0,0,0,0,0,0,0,0,0,0,0
2020,13069,5229,6390,"H1 Auxiliares del transporte",6941963,0,0,0,0,0,0,0,0,0,0,0,0,0,0,0,0,0,0
2020,13075,5229,6339,"H1 Auxiliares del transporte",71356316,0,0,0,0,0,0,0,0,0,0,0,0,0,0,0,0,0,0
2020,13116,5229,6390,"H1 Auxiliares del transporte",3037414,0,0,0,0,0,0,0,0,0,0,0,0,0,0,0,0,0,0
2020,18026,5229,6390,"H1 Auxiliares del transporte",10790308,0,0,0,0,0,0,0,0,0,0,0,0,0,0,0,0,0,0
2020,18028,5229,6390,"H1 Auxiliares del transporte",3326447,0,0,0,0,0,0,0,0,0,0,0,0,0,0,0,0,0,0
2020,18033,5229,6390,"H1 Auxiliares del transporte",14091430,0,0,0,0,0,0,0,0,0,0,0,0,0,0,0,0,0,0
2020,18034,5224,6310,"H1 Auxiliares del transporte",1584160,0,0,0,0,0,0,0,0,0,0,0,0,0,0,0,0,0,0
2020,18035,5229,6390,"H1 Auxiliares del transporte",7042522,0,0,0,0,0,0,0,0,0,0,0,0,0,0,0,0,0,0
2020,18038,5224,6310,"H1 Auxiliares del transporte",4986930,0,0,0,0,0,0,0,0,0,0,0,0,0,0,0,0,0,0
2020,18041,5210,6320,"H1 Auxiliares del transporte",3169748,0,0,0,0,0,0,0,0,0,0,0,0,0,0,0,0,0,0
2020,18042,5229,6390,"H1 Auxiliares del transporte",4024218,0,0,0,0,0,0,0,0,0,0,0,0,0,0,0,0,0,0
2020,18043,5229,6390,"H1 Auxiliares del transporte",1487507,0,0,0,0,0,0,0,0,0,0,0,0,0,0,0,0,0,0
2020,18045,5224,6310,"H1 Auxiliares del transporte",1090599,0,0,0,0,0,0,0,0,0,0,0,0,0,0,0,0,0,0
2020,18046,5229,6390,"H1 Auxiliares del transporte",8531542,0,0,0,0,0,0,0,0,0,0,0,0,0,0,0,0,0,0
2020,18047,5229,6390,"H1 Auxiliares del transporte",2095906,0,0,0,0,0,0,0,0,0,0,0,0,0,0,0,0,0,0
2020,19412,5224,6310,"H1 Auxiliares del transporte",1298055,0,0,0,0,0,0,0,0,0,0,0,0,0,0,0,0,0,0
2020,18048,5229,6390,"H1 Auxiliares del transporte",1198956,0,0,0,0,0,0,0,0,0,0,0,0,0,0,0,0,0,0
2020,18049,5229,6390,"H1 Auxiliares del transporte",8310296,0,0,0,0,0,0,0,0,0,0,0,0,0,0,0,0,0,0
2020,18050,5224,6310,"H1 Auxiliares del transporte",3279416,0,0,0,0,0,0,0,0,0,0,0,0,0,0,0,0,0,0
2020,18056,5229,6339,"H1 Auxiliares del transporte",51770503,0,0,0,0,0,0,0,0,0,0,0,0,0,0,0,0,0,0
2020,18192,5224,6310,"H1 Auxiliares del transporte",14824120,0,0,0,0,0,0,0,0,0,0,0,0,0,0,0,0,0,0
2020,18217,5222,6332,"H1 Auxiliares del transporte",93607083,0,1,0,0,0,0,0,0,0,0,0,0,0,0,0,0,0,0
2020,18229,5224,6310,"H1 Auxiliares del transporte",2027706,0,0,0,0,0,0,0,0,0,0,0,0,0,0,0,0,0,0
2020,18254,5223,6333,"H1 Auxiliares del transporte",5975274,0,0,0,0,0,0,0,0,0,0,0,0,0,0,0,0,0,0
2020,18256,5229,6390,"H1 Auxiliares del transporte",4344638,0,0,0,0,0,0,0,0,0,0,0,0,0,0,0,0,0,0
2020,18259,5210,6320,"H1 Auxiliares del transporte",40504085,0,0,0,0,0,0,0,0,0,0,0,0,0,0,0,0,0,0
2020,18260,5224,6310,"H1 Auxiliares del transporte",17066959,0,0,0,0,0,0,0,0,0,0,0,0,0,0,0,0,0,0
2020,18615,5229,6390,"H1 Auxiliares del transporte",9193427,0,0,0,0,0,0,0,0,0,0,0,0,0,0,0,0,0,0
2020,18684,5229,6390,"H1 Auxiliares del transporte",43577528,0,0,0,0,0,0,0,0,0,0,0,0,0,0,0,0,0,0
2020,18686,5229,6390,"H1 Auxiliares del transporte",19066076,0,0,0,0,0,0,0,0,0,0,0,0,0,0,0,0,0,0
2020,18688,5229,6390,"H1 Auxiliares del transporte",16879154,0,0,0,0,0,0,0,0,0,0,0,0,0,0,0,0,0,0
2020,18689,5229,6390,"H1 Auxiliares del transporte",6825722,0,0,0,0,0,0,0,0,0,0,0,0,0,0,0,0,0,0
2020,19341,5229,6390,"H1 Auxiliares del transporte",1952005,0,0,0,0,0,0,0,0,0,0,0,0,0,0,0,0,0,0
2020,18690,5222,6332,"H1 Auxiliares del transporte",8488596,0,0,0,0,0,0,0,0,0,0,0,0,0,0,0,0,0,0
2020,18692,5229,6390,"H1 Auxiliares del transporte",3913807,0,0,0,0,0,0,0,0,0,0,0,0,0,0,0,0,0,0
2020,18694,5229,6390,"H1 Auxiliares del transporte",3377686,0,0,0,0,0,0,0,0,0,0,0,0,0,0,0,0,0,0
2020,18696,5229,6390,"H1 Auxiliares del transporte",3249078,0,0,0,0,0,0,0,0,0,0,0,0,0,0,0,0,0,0
2020,19810,5229,6390,"H1 Auxiliares del transporte",3311816,0,0,0,0,0,0,0,0,0,0,0,0,0,0,0,0,0,0
2020,19811,5229,6390,"H1 Auxiliares del transporte",2715821,0,0,0,0,0,0,0,0,0,0,0,0,0,0,0,0,0,0
2020,19506,5229,6390,"H1 Auxiliares del transporte",2229885,0,0,0,0,0,0,0,0,0,0,0,0,0,0,0,0,0,0
2020,19508,5229,6390,"H1 Auxiliares del transporte",5047134,0,0,0,0,0,0,0,0,0,0,0,0,0,0,0,0,0,0
2020,19511,5229,6390,"H1 Auxiliares del transporte",4289791,0,0,0,0,0,0,0,0,0,0,0,0,0,0,0,0,0,0
2020,19861,5221,6331,"H1 Auxiliares del transporte",30263758,0,0,0,0,0,0,0,0,0,0,0,0,0,0,0,0,0,0
2020,19864,5223,6333,"H1 Auxiliares del transporte",16088872,0,0,0,0,0,0,0,0,0,0,0,0,0,0,0,0,0,0
2020,19884,5210,6320,"H1 Auxiliares del transporte",12069841,0,0,0,0,0,0,0,0,0,0,0,0,0,0,0,0,0,0
2020,19889,5221,6331,"H1 Auxiliares del transporte",19255818,0,0,0,0,0,0,0,0,0,0,0,0,0,0,0,0,0,0
2020,19904,5224,6310,"H1 Auxiliares del transporte",11212130,0,0,0,0,0,0,0,0,0,0,0,0,0,0,0,0,0,0
2020,19914,5229,6390,"H1 Auxiliares del transporte",38668865,0,0,0,0,0,0,0,0,0,0,0,0,0,0,0,0,0,0
2020,19928,5224,6310,"H1 Auxiliares del transporte",784860,0,0,0,0,0,0,0,0,0,0,0,0,0,0,0,0,0,0
2020,13283,5224,6310,"H1 Auxiliares del transporte",3333053,0,0,0,0,0,0,0,0,0,0,0,0,0,0,0,0,0,0
2020,18278,5210,6320,"H1 Auxiliares del transporte",22334732,0,0,0,0,0,0,0,0,0,0,0,0,0,0,0,0,0,0
2020,18284,5221,6331,"H1 Auxiliares del transporte",4942281,0,0,0,0,0,0,0,0,0,0,0,0,0,0,0,0,0,0
2020,18285,5221,6331,"H1 Auxiliares del transporte",3363692,0,0,0,0,0,0,0,0,0,0,0,0,0,0,0,0,0,0
2020,13345,5224,6310,"H1 Auxiliares del transporte",8678168,0,0,0,0,0,0,0,0,0,0,0,0,0,0,0,0,0,0
2020,13348,5224,6310,"H1 Auxiliares del transporte",737138,0,0,0,0,0,0,0,0,0,0,0,0,0,0,0,0,0,0
2020,13351,5223,6333,"H1 Auxiliares del transporte",60814562,0,0,0,0,0,0,0,0,0,0,0,0,0,0,0,0,0,0
2020,13355,5229,6390,"H1 Auxiliares del transporte",6128062,0,0,0,0,0,0,0,0,0,0,0,0,0,0,0,0,0,0
2020,13356,5229,6390,"H1 Auxiliares del transporte",4096502,0,0,0,0,0,0,0,0,0,0,0,0,0,0,0,0,0,0
2020,13357,5229,6390,"H1 Auxiliares del transporte",4937082,0,0,0,0,0,0,0,0,0,0,0,0,0,0,0,0,0,0
2020,13386,5229,6390,"H1 Auxiliares del transporte",14723255,0,0,0,0,0,0,0,0,0,0,0,0,0,0,0,0,0,0
2020,13387,5229,6390,"H1 Auxiliares del transporte",3579138,0,0,0,0,0,0,0,0,0,0,0,0,0,0,0,0,0,0
2020,13505,5224,6310,"H1 Auxiliares del transporte",2368195,0,0,0,0,0,0,0,0,0,0,0,0,0,0,0,0,0,0
2020,13507,5224,6310,"H1 Auxiliares del transporte",2813715,0,0,0,0,0,0,0,0,0,0,0,0,0,0,0,0,0,0
2020,13542,5224,6310,"H1 Auxiliares del transporte",2022151,0,0,0,0,0,0,0,0,0,0,0,0,0,0,0,0,0,0
2020,13547,5229,6390,"H1 Auxiliares del transporte",2761956,0,0,0,0,0,0,0,0,0,0,0,0,0,0,0,0,0,0
2020,13552,5224,6310,"H1 Auxiliares del transporte",4076749,0,0,0,0,0,0,0,0,0,0,0,0,0,0,0,0,0,0
2020,13586,5224,6310,"H1 Auxiliares del transporte",17834679,0,0,0,0,0,0,0,0,0,0,0,0,0,0,0,0,0,0
2020,13598,5224,6310,"H1 Auxiliares del transporte",33128989,0,0,0,0,0,0,0,0,0,0,0,0,0,0,0,0,0,0
2020,13600,5229,6339,"H1 Auxiliares del transporte",5744480,0,0,0,0,0,0,0,0,0,0,0,0,0,0,0,0,0,0
2020,13610,5229,6390,"H1 Auxiliares del transporte",3349119,0,0,0,0,0,0,0,0,0,0,0,0,0,0,0,0,0,0
2020,13671,5221,6331,"H1 Auxiliares del transporte",7293598,0,0,0,0,0,0,0,0,0,0,0,0,0,0,0,0,0,0
2020,13709,5229,6390,"H1 Auxiliares del transporte",1132075,0,0,0,0,0,0,0,0,0,0,0,0,0,0,0,0,0,0
2020,13710,5224,6310,"H1 Auxiliares del transporte",10994245,0,0,0,0,0,0,0,0,0,0,0,0,0,0,0,0,0,0
2020,13712,5224,6310,"H1 Auxiliares del transporte",3735619,0,0,0,0,0,0,0,0,0,0,0,0,0,0,0,0,0,0
2020,13714,5224,6310,"H1 Auxiliares del transporte",1534698,0,0,0,0,0,0,0,0,0,0,0,0,0,0,0,0,0,0
2020,17782,5222,6332,"H1 Auxiliares del transporte",81542822,0,1,1,1,1,1,1,0,0,0,0,0,0,0,0,0,0,0
2020,18319,5224,6310,"H1 Auxiliares del transporte",151262,0,0,0,0,0,0,0,0,0,0,0,0,0,0,0,0,0,0
2020,19567,5224,6310,"H1 Auxiliares del transporte",1417280,0,0,0,0,0,0,0,0,0,0,0,0,0,0,0,0,0,0
2020,18322,5224,6310,"H1 Auxiliares del transporte",6212619,0,0,0,0,0,0,0,0,0,0,0,0,0,0,0,0,0,0
2020,18324,5224,6310,"H1 Auxiliares del transporte",10038502,0,0,0,0,0,0,0,0,0,0,0,0,0,0,0,0,0,0
2020,18328,5224,6310,"H1 Auxiliares del transporte",1115340,0,0,0,0,0,0,0,0,0,0,0,0,0,0,0,0,0,0
2020,18941,5224,6310,"H1 Auxiliares del transporte",2391352,0,0,0,0,0,0,0,0,0,0,0,0,0,0,0,0,0,0
2020,18332,5224,6310,"H1 Auxiliares del transporte",1735144,0,0,0,0,1,0,0,0,0,0,0,0,0,0,0,0,0,0
2020,18944,5229,6390,"H1 Auxiliares del transporte",10395814,0,0,0,0,0,0,0,0,0,0,0,0,0,0,0,0,0,0
2020,18945,5229,6390,"H1 Auxiliares del transporte",3030727,0,0,0,0,0,0,0,0,0,0,0,0,0,0,0,0,0,0
2020,18964,5221,6331,"H1 Auxiliares del transporte",38512626,0,0,0,0,0,0,0,0,0,0,0,0,0,0,0,0,0,0
2020,19591,5229,6339,"H1 Auxiliares del transporte",5055230,0,0,0,0,0,0,0,0,0,0,0,0,0,0,0,0,0,0
2020,13742,5221,6331,"H1 Auxiliares del transporte",3922499,0,0,0,0,0,0,0,0,0,0,0,0,0,0,0,0,0,0
2020,13779,5224,6310,"H1 Auxiliares del transporte",1174064,0,0,0,0,0,0,0,0,0,0,0,0,0,0,0,0,0,0
2020,13783,5224,6310,"H1 Auxiliares del transporte",411687,0,0,0,0,0,0,0,0,0,0,0,0,0,0,0,0,0,0
2020,19599,5210,6320,"H1 Auxiliares del transporte",2185043,0,0,0,0,0,0,0,0,0,0,0,0,0,0,0,0,0,0
2020,13846,5224,6310,"H1 Auxiliares del transporte",1478444,0,0,0,0,0,0,0,0,0,0,0,0,0,0,0,0,0,0
2020,13847,5229,6390,"H1 Auxiliares del transporte",64590442,0,1,0,0,0,0,0,0,0,0,0,0,0,0,0,0,0,0
2020,13850,5210,6320,"H1 Auxiliares del transporte",14512013,0,0,0,0,0,0,0,0,0,0,0,0,0,0,0,0,0,0
2020,13851,5210,6320,"H1 Auxiliares del transporte",211380578,0,1,0,0,1,0,0,0,0,0,0,0,0,0,0,0,0,0
2020,13853,5221,6331,"H1 Auxiliares del transporte",25592994,0,0,0,0,0,0,0,0,0,0,0,0,0,0,0,0,0,0
2020,13862,5229,6390,"H1 Auxiliares del transporte",23931318,0,0,0,0,0,0,0,0,0,0,0,0,0,0,0,0,0,0
2020,13863,5229,6339,"H1 Auxiliares del transporte",2089177,0,0,0,0,0,0,0,0,0,0,0,0,0,0,0,0,0,0
2020,13864,5229,6390,"H1 Auxiliares del transporte",9261749,0,0,0,0,0,0,0,0,0,0,0,0,0,0,0,0,0,0
2020,13865,5229,6390,"H1 Auxiliares del transporte",4038893,0,0,0,0,0,0,0,0,0,0,0,0,0,0,0,0,0,0
2020,14150,5224,6310,"H1 Auxiliares del transporte",1749837,0,0,0,0,0,0,0,0,0,0,0,0,0,0,0,0,0,0
2020,14174,5229,6390,"H1 Auxiliares del transporte",14719607,0,0,0,0,0,0,0,0,0,0,0,0,0,0,0,0,0,0
2020,14182,5224,6310,"H1 Auxiliares del transporte",14201107,0,0,0,0,0,0,0,0,0,0,0,0,0,0,0,0,0,0
2020,14246,5229,6390,"H1 Auxiliares del transporte",2023186,0,0,0,0,0,0,0,0,0,0,0,0,0,0,0,0,0,0
2020,14247,5224,6310,"H1 Auxiliares del transporte",3613252,0,0,0,0,0,0,0,0,0,0,0,0,0,0,0,0,0,0
2020,14280,5224,6310,"H1 Auxiliares del transporte",4187551,0,0,0,0,0,0,0,0,0,0,0,0,0,0,0,0,0,0
2020,19602,5229,6339,"H1 Auxiliares del transporte",15430920,0,0,0,0,0,0,0,0,0,0,0,0,0,0,0,0,0,0
2020,14344,5224,6310,"H1 Auxiliares del transporte",2979454,0,0,0,0,0,0,0,0,0,0,0,0,0,0,0,0,0,0
2020,14424,5224,6310,"H1 Auxiliares del transporte",4842881,0,0,0,0,0,0,0,0,0,0,0,0,0,0,0,0,0,0
2020,14429,5224,6310,"H1 Auxiliares del transporte",1499373,0,0,0,0,0,0,0,0,0,0,0,0,0,0,0,0,0,0
2020,18378,5224,6310,"H1 Auxiliares del transporte",2729759,0,0,0,0,0,0,0,0,0,0,0,0,0,0,0,0,0,0
2020,18383,5224,6310,"H1 Auxiliares del transporte",6451463,0,0,0,0,0,0,0,0,0,0,0,0,0,0,0,0,0,0
2020,18386,5221,6331,"H1 Auxiliares del transporte",8396075,0,0,0,0,0,0,0,0,0,0,0,0,0,0,0,0,0,0
2020,18387,5229,6390,"H1 Auxiliares del transporte",1549805,0,0,0,0,0,0,0,0,0,0,0,0,0,0,0,0,0,0
2020,18388,5224,6310,"H1 Auxiliares del transporte",4233928,0,0,0,0,0,0,0,0,0,0,0,0,0,0,0,0,0,0
2020,18390,5224,6310,"H1 Auxiliares del transporte",4700606,0,0,0,0,0,0,0,0,0,0,0,0,0,0,0,0,0,0
2020,18391,5224,6310,"H1 Auxiliares del transporte",17243980,0,0,0,0,0,0,0,0,0,0,0,0,0,0,0,0,0,0
2020,18392,5224,6310,"H1 Auxiliares del transporte",799122,0,0,0,0,0,0,0,0,0,0,0,0,0,0,0,0,0,0
2020,14446,5223,6333,"H1 Auxiliares del transporte",3761401,0,0,0,0,0,0,0,0,0,0,0,0,0,0,0,0,0,0
2020,14506,5229,6390,"H1 Auxiliares del transporte",4409873,0,0,0,0,0,0,0,0,0,0,0,0,0,0,0,0,0,0
2020,18454,5224,6310,"H1 Auxiliares del transporte",1784004,0,0,0,0,0,0,0,0,0,0,0,0,0,0,0,0,0,0
2020,19061,5221,6331,"H1 Auxiliares del transporte",6681218,0,0,0,0,0,0,0,0,0,0,0,0,0,0,0,0,0,0
2020,14583,5224,6310,"H1 Auxiliares del transporte",4691513,0,0,0,0,0,0,0,0,0,0,0,0,0,0,0,0,0,0
2020,14585,5222,6332,"H1 Auxiliares del transporte",1641278,0,0,0,0,0,0,0,0,0,0,0,0,0,0,0,0,0,0
2020,14587,5222,6332,"H1 Auxiliares del transporte",173406617,0,0,0,0,0,0,0,0,0,0,0,0,0,0,0,0,0,0
2020,14589,5229,6339,"H1 Auxiliares del transporte",9017028,0,0,0,0,0,0,0,0,0,0,0,0,0,0,0,0,0,0
2020,20155,5222,6332,"H1 Auxiliares del transporte",4084924,0,0,0,0,0,0,0,0,0,0,0,0,0,0,0,0,0,0
2020,14594,5229,6390,"H1 Auxiliares del transporte",3657346,0,0,0,0,0,0,0,0,0,0,0,0,0,0,0,0,0,0
2020,14595,5229,6390,"H1 Auxiliares del transporte",3997781,0,0,0,0,0,0,0,0,0,0,0,0,0,0,0,0,0,0
2020,14596,5229,6390,"H1 Auxiliares del transporte",89142970,0,0,0,0,0,0,0,0,0,0,0,0,0,0,0,0,0,0
2020,14597,5229,6390,"H1 Auxiliares del transporte",2200368,0,0,0,0,0,0,0,0,0,0,0,0,0,0,0,0,0,0
2020,14598,5229,6390,"H1 Auxiliares del transporte",14205077,0,0,0,0,0,0,0,0,0,0,0,0,0,0,0,0,0,0
2020,14599,5229,6390,"H1 Auxiliares del transporte",9339285,0,0,0,0,0,0,0,1,0,0,0,0,0,0,0,0,0,0
2020,14641,5224,6310,"H1 Auxiliares del transporte",2065647,0,0,0,0,0,0,0,0,0,0,0,0,0,0,0,0,0,0
2020,14662,5224,6310,"H1 Auxiliares del transporte",4372172,0,0,0,0,0,0,0,0,0,0,0,0,0,0,0,0,0,0
2020,14682,5224,6310,"H1 Auxiliares del transporte",524384,0,0,0,0,0,0,0,0,0,0,0,0,0,0,0,0,0,0
2020,14686,5229,6390,"H1 Auxiliares del transporte",5222975,0,0,0,0,0,0,0,0,0,0,0,0,0,0,0,0,0,0
2020,14713,5224,6310,"H1 Auxiliares del transporte",5964777,0,0,0,0,0,0,0,0,0,0,0,0,0,0,0,0,0,0
2020,14722,5224,6310,"H1 Auxiliares del transporte",8982820,0,0,0,0,0,0,0,0,0,0,0,0,0,0,0,0,0,0
2020,14730,5229,6390,"H1 Auxiliares del transporte",4680662,0,0,0,0,0,0,0,0,0,0,0,0,0,0,0,0,0,0
2020,14737,5224,6310,"H1 Auxiliares del transporte",15964433,0,0,1,0,1,0,1,0,0,0,0,0,0,0,0,0,0,0
2020,17868,5229,6390,"H1 Auxiliares del transporte",31220613,0,0,0,0,0,0,0,0,0,0,0,0,0,0,0,0,0,0
2020,18465,5224,6310,"H1 Auxiliares del transporte",13225026,0,0,0,0,0,0,0,0,0,0,0,0,0,0,0,0,0,0
2020,18466,5210,6320,"H1 Auxiliares del transporte",21873715,0,0,0,0,0,0,0,0,0,0,0,0,0,0,0,0,0,0
2020,18468,5222,6332,"H1 Auxiliares del transporte",17213847,0,0,0,0,0,0,0,0,0,0,0,0,0,0,0,0,0,0
2020,18474,5222,6332,"H1 Auxiliares del transporte",22642748,0,0,0,0,0,0,0,0,0,0,0,0,0,0,0,0,0,0
2020,18476,5222,6332,"H1 Auxiliares del transporte",3342750,0,0,0,0,1,0,0,0,0,0,0,0,0,0,0,0,0,0
2020,19075,5229,6390,"H1 Auxiliares del transporte",2565133,0,0,0,0,0,0,0,0,0,0,0,0,0,0,0,0,0,0
2020,20181,5222,6332,"H1 Auxiliares del transporte",2126642,0,0,0,0,0,0,0,0,0,0,0,0,0,0,0,0,0,0
2020,18486,5221,6331,"H1 Auxiliares del transporte",3680993,0,0,0,0,0,0,0,0,0,0,0,0,0,0,0,0,0,0
2020,14963,5224,6310,"H1 Auxiliares del transporte",584242,0,0,0,0,0,0,0,0,0,0,0,0,0,0,0,0,0,0
2020,18506,5229,6390,"H1 Auxiliares del transporte",2551865,0,0,0,0,0,0,0,0,0,0,0,0,0,0,0,0,0,0
2020,15034,5221,6331,"H1 Auxiliares del transporte",3890956,0,0,0,0,0,0,0,0,0,0,0,0,0,0,0,0,0,0
2020,15076,5229,6339,"H1 Auxiliares del transporte",7777193,0,0,0,0,0,0,0,0,0,0,0,0,0,0,0,0,0,0
2020,15077,5229,6390,"H1 Auxiliares del transporte",7594170,0,0,0,0,0,0,0,0,0,0,0,0,0,0,0,0,0,0
2020,15091,5224,6310,"H1 Auxiliares del transporte",11118064,0,0,0,0,0,0,0,0,0,0,0,0,0,0,0,0,0,0
2020,15119,5229,6390,"H1 Auxiliares del transporte",54522278,0,0,0,0,0,0,0,0,0,0,0,0,0,0,0,0,0,0
2020,15131,5224,6310,"H1 Auxiliares del transporte",2379304,0,0,0,0,0,0,0,0,0,0,0,0,0,0,0,0,0,0
2020,18516,5224,6310,"H1 Auxiliares del transporte",489249,0,0,0,0,0,0,0,0,0,0,0,0,0,0,0,0,0,0
2020,15919,5221,6331,"H1 Auxiliares del transporte",2622290,0,0,0,0,0,0,0,0,0,0,0,0,0,0,0,0,0,0
2020,15179,5221,6331,"H1 Auxiliares del transporte",4041700,0,0,1,0,0,0,0,0,1,0,0,0,0,0,0,0,0,0
2020,18540,5221,6331,"H1 Auxiliares del transporte",2793300,0,0,0,0,0,0,0,0,0,0,0,0,0,0,0,0,0,0
2020,15398,5221,6331,"H1 Auxiliares del transporte",3184814,0,0,0,0,0,0,0,0,0,0,0,0,0,0,0,0,0,0
2020,14268,5320,6412,"H2 Postales y correos",7864408,47851,0,1,0,0,0,0,0,1,0,0,0,1,0,0,1,0,0
2020,18549,5310,6411,"H2 Postales y correos",7864407,47851,0,0,0,0,0,0,0,0,0,0,0,0,0,0,0,1,0
2020,11580,5320,6412,"H2 Postales y correos",7864407,47852,0,0,0,0,0,0,0,0,0,1,0,1,0,0,1,0,0
2020,10521,5310,6411,"H2 Postales y correos",280676406,18000,0,0,0,0,0,0,0,0,0,0,0,1,0,0,0,0,0
2020,20016,5320,6412,"H2 Postales y correos",2261520,10500,0,0,0,1,0,0,0,0,0,0,0,1,0,0,0,0,1
2020,13866,5320,6412,"H2 Postales y correos",55318349,9948,0,0,0,0,0,0,0,0,1,0,0,1,0,0,0,0,0
2020,12233,5320,6412,"H2 Postales y correos",8551471,8303,0,0,0,0,0,0,0,0,0,0,0,0,0,0,1,0,0
2020,12098,5320,6412,"H2 Postales y correos",10518715,6700,1,0,0,0,0,0,0,0,0,0,0,1,0,0,0,0,0
2020,18477,5320,6412,"H2 Postales y correos",23832144,5500,0,0,0,0,0,0,0,0,0,1,0,1,1,0,0,0,0
2020,12442,5320,6412,"H2 Postales y correos",94112997,2700,0,1,0,1,0,0,0,1,0,1,0,1,0,0,0,0,0
2020,11941,5320,6412,"H2 Postales y correos",9505961,2349,0,0,0,0,0,0,0,0,1,1,0,0,0,0,0,0,0
2020,19925,5320,6412,"H2 Postales y correos",62462623,2199,0,0,0,0,0,0,0,0,0,0,0,1,0,0,0,0,0
2020,19926,5320,6412,"H2 Postales y correos",2423844,330,0,0,0,0,0,0,0,0,0,0,0,1,0,0,0,0,0
2020,10524,5320,6412,"H2 Postales y correos",13453582,221,0,0,0,0,0,0,0,0,0,1,0,1,0,0,0,0,0
2020,14915,5320,6412,"H2 Postales y correos",15957173,200,0,0,0,1,0,0,0,0,0,0,0,1,0,0,0,0,0
2020,10131,5320,6412,"H2 Postales y correos",640348,0,0,0,0,0,0,0,0,0,0,0,0,0,0,0,0,0,0
2020,18545,5320,6412,"H2 Postales y correos",672235,0,0,0,0,0,0,0,0,0,0,0,0,0,0,0,0,0,0
2020,10236,5320,6412,"H2 Postales y correos",1517714,0,0,0,0,0,0,0,0,0,0,0,0,0,0,0,0,0,0
2020,10517,5320,6412,"H2 Postales y correos",13844888,0,0,0,0,0,0,0,0,0,0,0,0,0,0,0,0,0,0
2020,10518,5320,6412,"H2 Postales y correos",4118264,0,0,0,0,0,0,0,0,0,0,0,0,0,0,0,0,0,0
2020,10519,5320,6412,"H2 Postales y correos",129523128,0,0,0,0,0,0,0,0,0,0,0,0,0,0,0,0,0,0
2020,10522,5320,6412,"H2 Postales y correos",13449261,0,0,0,0,0,0,0,0,0,0,0,0,0,0,0,0,0,0
2020,10523,5320,6412,"H2 Postales y correos",11698333,0,0,0,0,0,0,0,0,0,0,0,0,0,0,0,0,0,0
2020,10525,5320,6412,"H2 Postales y correos",209940401,0,0,0,0,0,0,0,0,0,0,0,0,0,0,0,0,0,0
2020,10526,5320,6412,"H2 Postales y correos",1908209,0,0,0,0,0,0,0,0,0,0,0,0,0,0,0,0,0,0
2020,10529,5320,6412,"H2 Postales y correos",4598818,0,0,0,0,0,0,0,0,0,0,0,0,0,0,0,0,0,0
2020,10530,5320,6412,"H2 Postales y correos",339297053,0,0,0,0,0,0,0,0,0,0,0,0,0,0,0,0,0,0
2020,10531,5320,6412,"H2 Postales y correos",646851033,0,0,0,0,0,0,0,0,0,0,0,0,0,0,0,0,0,0
2020,10532,5320,6412,"H2 Postales y correos",2902511,0,0,0,0,0,0,0,0,0,0,0,0,0,0,0,0,0,0
2020,10889,5320,6412,"H2 Postales y correos",2865141,0,0,0,0,0,0,0,0,0,0,0,0,0,0,0,0,0,0
2020,11535,5320,6412,"H2 Postales y correos",4404528,0,0,0,0,0,0,0,0,0,0,0,0,0,0,0,0,0,0
2020,11601,5310,6411,"H2 Postales y correos",2952496,0,0,0,0,0,0,0,0,0,0,0,0,0,0,0,0,0,0
2020,11664,5320,6412,"H2 Postales y correos",6128361,0,0,0,0,0,0,0,0,0,0,0,0,0,0,0,0,0,0
2020,11694,5320,6412,"H2 Postales y correos",5181616,0,0,0,0,0,0,0,0,0,0,0,0,0,0,0,0,0,0
2020,11745,5320,6412,"H2 Postales y correos",5866306,0,0,0,0,0,0,0,0,0,0,0,0,0,0,0,0,0,0
2020,12241,5310,6411,"H2 Postales y correos",1994329,0,0,0,0,0,0,0,0,0,0,0,0,0,0,0,0,0,0
2020,12299,5310,6411,"H2 Postales y correos",7798186,0,0,0,0,0,0,0,0,0,0,0,0,0,0,0,0,0,0
2020,12438,5320,6412,"H2 Postales y correos",896322,0,0,0,0,0,0,0,0,0,0,0,0,0,0,0,0,0,0
2020,12785,5320,6412,"H2 Postales y correos",15726939,0,0,0,0,0,0,0,0,0,0,0,0,0,0,0,0,0,0
2020,12996,5320,6412,"H2 Postales y correos",30753220,0,0,0,0,0,0,0,0,0,0,0,0,0,0,0,0,0,0
2020,13003,5320,6412,"H2 Postales y correos",325130561,0,0,0,0,0,0,0,0,0,0,0,0,0,0,0,0,0,0
2020,13097,5310,6411,"H2 Postales y correos",8030448,0,0,0,0,0,0,0,0,0,0,0,0,0,0,0,0,0,0
2020,18051,5320,6412,"H2 Postales y correos",1930087,0,0,0,0,0,0,0,0,0,0,0,0,0,0,0,0,0,0
2020,18052,5320,6412,"H2 Postales y correos",2417243,0,0,0,0,0,0,0,0,0,0,0,0,0,0,0,0,0,0
2020,18054,5320,6412,"H2 Postales y correos",1576322,0,0,0,0,0,0,0,0,0,0,0,0,0,0,0,0,0,0
2020,18055,5320,6412,"H2 Postales y correos",2656211,0,0,0,0,0,0,0,0,0,0,0,0,0,0,0,0,0,0
2020,19417,5320,6412,"H2 Postales y correos",3554147,0,0,0,0,0,0,0,0,0,0,0,0,0,0,0,0,0,0
2020,18697,5320,6412,"H2 Postales y correos",1047170,0,0,0,0,0,0,0,0,0,0,0,0,0,0,0,0,0,0
2020,19502,5320,6412,"H2 Postales y correos",2214968,0,0,0,0,0,0,0,0,0,0,0,0,0,0,0,0,0,0
2020,19544,5320,6412,"H2 Postales y correos",9966518,0,0,0,0,0,0,0,0,0,0,0,0,0,0,0,0,0,0
2020,19907,5320,6412,"H2 Postales y correos",204333397,0,0,0,0,0,0,0,0,0,0,0,0,0,0,0,0,0,0
2020,19919,5320,6412,"H2 Postales y correos",3778206,0,0,0,0,0,0,0,0,0,0,0,0,0,0,0,0,0,0
2020,19923,5320,6412,"H2 Postales y correos",3366515,0,0,0,0,0,0,0,0,0,0,0,0,0,0,0,0,0,0
2020,19924,5320,6412,"H2 Postales y correos",2447135,0,0,0,0,0,0,0,0,0,0,0,0,0,0,0,0,0,0
2020,13130,5320,6412,"H2 Postales y correos",2693770,0,0,0,0,0,0,0,0,0,0,0,0,0,0,0,0,0,0
2020,18287,5320,6412,"H2 Postales y correos",2404151,0,0,0,0,0,0,0,0,0,0,0,0,0,0,0,0,0,0
2020,13358,5320,6412,"H2 Postales y correos",13752843,0,0,0,0,0,0,0,0,0,0,0,0,0,0,0,0,0,0
2020,13360,5320,6412,"H2 Postales y correos",6003699,0,0,0,0,0,0,0,0,0,0,0,0,0,0,0,0,0,0
2020,13531,5320,6412,"H2 Postales y correos",4456079,0,0,0,0,0,0,0,0,0,0,0,0,0,0,0,0,0,0
2020,13680,5320,6412,"H2 Postales y correos",3516662,0,0,0,0,0,0,0,0,0,0,0,0,0,0,0,0,0,0
2020,18337,5320,6412,"H2 Postales y correos",1199182,0,0,0,0,0,0,0,0,0,0,0,0,0,0,0,0,0,0
2020,19576,5310,6411,"H2 Postales y correos",37013202,0,0,0,0,0,0,0,0,0,0,0,0,0,0,0,0,0,0
2020,20056,5320,6412,"H2 Postales y correos",969306,0,0,0,0,0,0,0,0,0,0,0,0,0,0,0,0,0,0
2020,13868,5320,6412,"H2 Postales y correos",11626610,0,0,0,0,0,0,0,0,0,0,0,0,0,0,0,0,0,0
2020,14237,5310,6411,"H2 Postales y correos",886312,0,0,0,0,0,0,0,0,0,0,0,0,0,0,0,0,0,0
2020,14289,5320,6412,"H2 Postales y correos",8627678,0,0,0,0,0,0,0,0,0,0,0,0,0,0,0,0,0,0
2020,14357,5320,6412,"H2 Postales y correos",4006714,0,0,0,0,0,0,0,0,0,0,0,0,0,0,0,0,0,0
2020,18375,5310,6411,"H2 Postales y correos",2845237,0,0,0,0,0,0,0,0,0,0,0,0,0,0,0,0,0,0
2020,18394,5320,6412,"H2 Postales y correos",23414717,0,0,0,0,0,0,0,0,0,0,0,0,0,0,0,0,0,0
2020,18395,5320,6412,"H2 Postales y correos",2813053,0,0,0,0,0,0,0,0,0,0,0,0,0,0,0,0,0,0
2020,18397,5320,6412,"H2 Postales y correos",2082429,0,0,0,0,0,0,0,0,0,0,0,0,0,0,0,0,0,0
2020,19039,5310,6411,"H2 Postales y correos",7205041,0,0,0,0,0,0,0,0,0,0,0,0,0,0,0,0,0,0
2020,19053,5310,6411,"H2 Postales y correos",1477969,0,0,0,0,0,0,0,0,0,0,0,0,0,0,0,0,0,0
2020,14790,5320,6412,"H2 Postales y correos",1104386,0,0,0,0,0,0,0,0,0,0,0,0,0,0,0,0,0,0
2020,14812,5320,6412,"H2 Postales y correos",3208617,0,0,0,0,0,0,0,0,0,0,0,0,0,0,0,0,0,0
2020,14893,5320,6412,"H2 Postales y correos",1704584,0,0,0,0,0,0,0,0,0,0,0,0,0,0,0,0,0,0
2020,14858,5511,5511,"I1 Alojamiento",27041104,1947049,0,1,0,0,1,0,1,0,1,1,0,1,1,0,1,0,0
2020,10323,5511,5511,"I1 Alojamiento",27041103,1947049,0,0,0,0,0,0,1,0,0,0,0,1,1,0,1,0,0
2020,12361,5511,5511,"I1 Alojamiento",27041103,1947049,0,0,0,0,0,0,0,0,0,0,0,1,0,0,0,0,0
2020,10196,5511,5511,"I1 Alojamiento",3053732,412216,0,0,0,0,0,0,0,0,0,1,0,0,1,0,1,0,0
2020,13323,5511,5511,"I1 Alojamiento",116140856,336207,0,0,0,0,0,0,0,0,1,1,0,1,0,0,0,0,0
2020,14501,5513,5513,"I1 Alojamiento",16334404,324612,0,1,0,0,0,0,0,1,0,0,0,1,0,0,1,0,1
2020,19685,5511,5511,"I1 Alojamiento",1674905,300000,0,0,0,0,0,0,0,0,0,1,0,1,0,0,0,0,0
2020,13817,5511,5511,"I1 Alojamiento",10092030,296328,0,1,0,0,0,0,0,1,0,1,0,1,0,0,1,0,0
2020,14807,5513,5513,"I1 Alojamiento",1442629,258846,0,0,0,0,0,0,0,0,0,0,0,1,0,0,0,0,0
2020,19731,5513,5513,"I1 Alojamiento",878568,96962,0,0,0,0,0,0,0,0,0,0,1,0,0,0,0,0,0
2020,10209,5513,5513,"I1 Alojamiento",1493966,81208,0,0,0,0,0,0,0,0,0,1,1,1,1,0,0,0,1
2020,14439,5511,5511,"I1 Alojamiento",2072244,75829,0,0,0,0,0,0,0,0,1,1,0,1,0,0,0,0,1
2020,19704,5511,5511,"I1 Alojamiento",2841824,75000,0,0,0,0,0,0,0,0,0,1,0,1,0,1,0,1,0
2020,19479,5511,5511,"I1 Alojamiento",87290382,69626,0,0,0,0,0,0,0,0,1,1,1,1,1,1,1,1,0
2020,14556,5513,5513,"I1 Alojamiento",969860,59998,0,0,0,0,0,0,0,0,0,0,0,0,0,0,1,0,1
2020,15289,5511,5511,"I1 Alojamiento",6684085,53883,0,0,0,1,0,0,0,1,0,0,0,0,0,0,1,0,1
2020,13268,5513,5513,"I1 Alojamiento",1274267,46877,0,0,0,0,0,0,0,1,0,0,0,1,1,1,1,0,0
2020,18373,5511,5511,"I1 Alojamiento",2011499,43380,0,0,0,0,0,0,0,0,1,1,1,1,0,0,0,0,0
2020,14571,5511,5511,"I1 Alojamiento",14346828,41332,1,1,0,1,0,1,0,0,1,1,0,1,0,1,0,0,0
2020,15310,5511,5511,"I1 Alojamiento",3395939,40000,1,0,0,1,0,0,0,1,0,1,0,1,0,0,1,0,0
2020,15286,5511,5511,"I1 Alojamiento",92833872,35772,0,0,0,0,0,0,0,0,0,1,1,1,0,0,0,0,0
2020,15069,5511,5511,"I1 Alojamiento",39353361,30000,1,1,0,1,1,1,0,0,1,1,1,1,0,0,1,0,0
2020,11713,5511,5511,"I1 Alojamiento",12002951,26300,1,0,0,0,0,0,0,0,0,0,0,0,0,0,0,0,1
2020,14441,5511,5511,"I1 Alojamiento",6143553,25487,0,0,1,0,0,0,0,0,1,1,1,1,1,1,1,1,0
2020,13277,5511,5511,"I1 Alojamiento",5057095,23726,0,0,0,0,0,0,0,0,0,0,0,1,0,0,1,0,0
2020,14440,5513,5513,"I1 Alojamiento",3353638,20000,0,0,0,0,0,0,0,0,0,0,1,1,0,0,0,0,0
2020,19665,5511,5511,"I1 Alojamiento",1527130,20000,0,0,0,0,0,0,0,0,0,1,1,0,0,0,0,0,0
2020,15356,5511,5511,"I1 Alojamiento",2839862,18857,0,0,0,0,0,0,0,0,1,1,0,1,0,0,1,0,0
2020,14566,5511,5511,"I1 Alojamiento",9396880,18549,0,0,0,0,0,0,0,0,0,0,0,1,0,0,0,0,0
2020,17898,5511,5511,"I1 Alojamiento",6016938,18000,0,1,0,1,0,0,0,1,0,0,0,0,0,0,0,0,1
2020,13819,5511,5511,"I1 Alojamiento",4922832,17210,0,0,0,0,0,0,0,0,0,0,0,0,0,0,0,0,1
2020,13816,5511,5511,"I1 Alojamiento",8137816,16429,0,0,0,0,0,0,0,0,0,0,0,1,0,0,0,0,0
2020,17875,5511,5511,"I1 Alojamiento",1053988,16017,0,0,0,0,0,0,0,0,0,0,0,0,0,0,0,0,1
2020,18611,5511,5511,"I1 Alojamiento",24441969,15387,0,0,0,0,0,0,0,0,0,1,0,1,0,0,0,0,0
2020,10139,5511,5511,"I1 Alojamiento",4759235,15000,0,0,0,0,0,0,0,0,1,1,1,1,1,1,1,0,0
2020,11913,5511,5511,"I1 Alojamiento",13803177,15000,0,0,0,0,0,0,0,0,0,1,0,0,0,0,0,0,0
2020,17878,5511,5511,"I1 Alojamiento",17143678,15000,0,0,0,0,0,0,0,0,0,1,0,0,0,0,0,0,0
2020,17736,5511,5511,"I1 Alojamiento",12218619,14400,0,0,0,0,0,0,0,0,1,0,0,0,0,1,0,0,0
2020,10322,5511,5511,"I1 Alojamiento",8918315,13750,0,0,0,0,0,0,0,0,0,0,0,1,0,0,0,0,0
2020,19583,5511,5511,"I1 Alojamiento",1383030,13437,0,0,0,0,0,0,0,0,0,1,0,1,0,1,0,1,0
2020,19908,5511,5511,"I1 Alojamiento",370790,12325,0,0,0,0,0,0,0,0,0,0,0,1,0,0,0,0,0
2020,15298,5511,5511,"I1 Alojamiento",2254654,12000,0,0,0,0,0,0,0,0,0,0,1,0,0,0,0,0,0
2020,19580,5512,5511,"I1 Alojamiento",1461438,11239,0,0,0,0,0,0,0,0,1,1,0,1,1,1,0,0,1
2020,20013,5511,5511,"I1 Alojamiento",615843,11000,0,0,0,0,0,0,0,0,0,0,0,1,0,0,0,0,0
2020,19695,5512,5511,"I1 Alojamiento",2279943,10821,0,0,0,0,0,0,0,0,0,1,1,1,0,0,0,0,0
2020,12351,5511,5511,"I1 Alojamiento",3850116,10634,0,0,0,0,0,0,0,0,0,0,0,1,0,0,0,0,0
2020,14706,5511,5511,"I1 Alojamiento",589866,10500,0,0,0,0,0,0,0,0,1,1,0,0,0,0,1,0,1
2020,13278,5511,5511,"I1 Alojamiento",1110191,10409,0,0,0,0,0,0,0,0,0,1,0,1,0,0,1,0,0
2020,19488,5514,5519,"I1 Alojamiento",341083,10000,0,0,0,0,0,0,0,0,0,0,0,0,1,0,0,1,0
2020,17764,5511,5511,"I1 Alojamiento",704748,10000,0,0,0,0,0,0,0,0,0,1,0,0,1,0,0,0,0
2020,19674,5511,5511,"I1 Alojamiento",1427431,10000,0,0,0,1,0,0,0,1,0,0,0,0,0,0,0,0,1
2020,14847,5511,5511,"I1 Alojamiento",1260924,10000,0,0,0,0,0,0,0,0,0,1,1,1,0,0,0,0,0
2020,10309,5511,5511,"I1 Alojamiento",6387747,9755,0,0,0,0,0,0,0,0,0,0,0,1,0,0,1,0,0
2020,10303,5511,5511,"I1 Alojamiento",12029649,9686,0,0,0,0,0,0,0,0,1,0,1,0,0,0,1,0,0
2020,14568,5511,5511,"I1 Alojamiento",32683882,9631,0,0,0,0,0,0,0,0,0,0,0,0,0,0,0,0,1
2020,13806,5511,5511,"I1 Alojamiento",4138175,9580,0,0,0,0,0,0,0,0,0,0,0,1,0,1,1,0,0
2020,19642,5511,5511,"I1 Alojamiento",2623824,8847,0,0,0,0,0,0,0,0,0,1,0,1,0,0,0,0,1
2020,17872,5511,5511,"I1 Alojamiento",481870,8838,0,0,0,0,0,0,0,0,0,1,0,1,0,0,0,0,0
2020,19117,5511,5511,"I1 Alojamiento",1757502,8663,0,0,0,0,0,0,0,1,0,0,0,0,0,1,0,0,0
2020,14692,5511,5511,"I1 Alojamiento",5352282,8081,0,0,0,0,0,0,0,1,0,0,0,1,0,0,0,0,0
2020,13322,5511,5511,"I1 Alojamiento",2496483,7896,0,0,0,0,0,0,0,0,0,0,0,1,0,0,1,0,0
2020,13064,5511,5511,"I1 Alojamiento",14549902,7712,0,0,0,0,0,0,0,1,0,0,0,1,0,0,1,0,0
2020,14567,5511,5511,"I1 Alojamiento",93103813,7600,0,1,0,0,0,0,0,0,0,0,1,0,1,0,1,0,0
2020,15246,5511,5511,"I1 Alojamiento",1707945,7545,0,0,0,0,0,0,0,0,1,0,1,1,0,0,0,0,0
2020,14749,5511,5511,"I1 Alojamiento",3144077,7216,0,0,0,0,0,0,0,0,0,0,0,1,0,0,0,0,0
2020,14518,5511,5511,"I1 Alojamiento",5683911,7093,0,0,0,0,0,0,0,0,0,0,0,1,0,0,0,1,0
2020,19707,5511,5511,"I1 Alojamiento",3245570,7061,1,1,0,1,1,1,1,0,1,1,0,1,1,1,1,1,0
2020,10315,5511,5511,"I1 Alojamiento",424354,6543,0,0,0,0,0,0,0,0,0,1,0,1,0,0,0,1,0
2020,14750,5511,5511,"I1 Alojamiento",9659020,6297,0,0,0,0,0,0,0,0,0,0,0,1,0,0,0,0,0
2020,14550,5511,5511,"I1 Alojamiento",12826519,6289,0,0,0,0,0,0,0,0,0,1,0,1,0,1,0,0,0
2020,12997,5511,5511,"I1 Alojamiento",1711512,6130,0,0,0,0,0,0,0,0,0,0,0,1,0,0,0,0,0
2020,18980,5511,5511,"I1 Alojamiento",2183896,6104,0,0,0,0,0,0,0,0,0,0,0,1,0,0,1,0,0
2020,19581,5511,5511,"I1 Alojamiento",544358,6034,0,0,0,0,0,0,0,0,0,0,0,0,0,0,0,0,1
2020,10298,5511,5511,"I1 Alojamiento",4554325,5942,1,1,1,1,1,1,0,0,1,1,1,1,1,1,1,0,0
2020,11655,5511,5511,"I1 Alojamiento",898702,5726,0,0,0,0,0,0,0,0,1,1,0,1,0,1,0,0,0
2020,14746,5511,5511,"I1 Alojamiento",4861576,5651,0,0,0,0,0,0,0,0,0,0,0,1,0,0,0,0,0
2020,10328,5511,5511,"I1 Alojamiento",5949524,5640,0,1,0,0,0,0,1,0,0,1,0,0,0,0,0,0,0
2020,17602,5511,5511,"I1 Alojamiento",996386,5640,0,0,0,0,0,0,0,0,0,1,0,0,0,0,0,0,0
2020,17881,5511,5511,"I1 Alojamiento",1317082,5422,0,0,0,0,0,0,0,0,1,1,1,1,1,0,0,0,0
2020,13564,5530,5512,"I1 Alojamiento",2080400,5000,0,0,0,0,0,0,0,0,0,1,0,1,0,0,0,0,0
2020,20100,5511,5511,"I1 Alojamiento",771582,4500,0,1,0,1,0,0,0,1,0,1,0,1,0,0,1,0,1
2020,19719,5511,5511,"I1 Alojamiento",629318,4500,0,0,0,0,0,0,0,0,0,1,0,1,0,1,0,1,0
2020,14306,5513,5513,"I1 Alojamiento",1935819,4400,0,0,0,0,0,0,0,0,0,1,1,1,0,0,0,1,0
2020,10316,5511,5511,"I1 Alojamiento",2364344,4200,0,0,0,0,0,0,0,0,0,0,1,0,0,0,0,0,0
2020,10327,5511,5511,"I1 Alojamiento",8386250,4200,0,0,0,0,0,0,0,0,0,0,0,0,0,0,1,0,0
2020,13810,5511,5511,"I1 Alojamiento",4256437,4164,0,0,0,0,0,0,0,0,0,0,0,0,0,0,0,0,1
2020,10224,5511,5511,"I1 Alojamiento",2179602,4055,0,0,0,0,0,0,0,0,0,1,0,0,0,0,0,0,0
2020,17743,5511,5511,"I1 Alojamiento",2066811,4016,0,0,0,0,0,0,0,0,0,0,0,1,0,0,0,0,0
2020,14173,5511,5511,"I1 Alojamiento",8022848,3878,0,0,0,0,0,0,0,0,0,0,0,1,0,0,0,0,0
2020,10275,5511,5511,"I1 Alojamiento",1787311,3845,0,0,0,0,0,0,0,0,0,0,0,1,0,0,0,0,0
2020,15115,5511,5511,"I1 Alojamiento",1168370,3835,0,0,0,0,0,0,0,0,0,0,0,1,1,0,1,0,0
2020,12989,5511,5511,"I1 Alojamiento",4690075,3640,0,1,0,0,0,0,0,0,0,0,0,1,0,0,1,0,0
2020,14966,5511,5511,"I1 Alojamiento",2096101,3488,0,0,0,0,0,0,0,0,0,0,0,1,0,0,0,0,0
2020,15070,5511,5511,"I1 Alojamiento",7003351,3360,0,0,0,0,0,0,0,0,0,1,0,1,0,0,1,0,0
2020,13118,5511,5511,"I1 Alojamiento",3112860,3292,0,0,0,0,0,0,0,0,0,0,0,1,0,0,0,0,0
2020,19711,5511,5511,"I1 Alojamiento",586635,3268,0,0,0,0,0,0,0,0,0,0,0,1,0,0,0,0,0
2020,10205,5511,5511,"I1 Alojamiento",2448293,3119,0,0,0,0,0,0,0,0,0,0,0,1,0,0,0,0,0
2020,17800,5511,5511,"I1 Alojamiento",496681,3083,0,0,0,0,0,0,0,0,0,0,0,1,0,0,1,0,0
2020,17552,5512,5511,"I1 Alojamiento",1641974,3000,0,0,0,0,0,0,0,0,0,0,0,1,0,0,0,0,0
2020,19495,5511,5511,"I1 Alojamiento",362954,3000,0,0,0,0,0,0,0,0,0,0,0,1,0,0,0,0,0
2020,13120,5511,5511,"I1 Alojamiento",875463,3000,0,1,0,1,0,0,0,0,0,1,0,1,0,0,1,0,0
2020,10029,5511,5511,"I1 Alojamiento",7657422,2971,0,0,0,0,0,0,0,0,0,0,0,0,0,0,1,0,0
2020,11575,5511,5511,"I1 Alojamiento",1127102,2912,0,0,0,0,0,0,0,0,0,0,0,1,0,0,1,0,1
2020,13603,5511,5511,"I1 Alojamiento",542578,2819,0,0,0,0,0,0,0,0,0,0,0,1,0,0,0,0,1
2020,10284,5511,5511,"I1 Alojamiento",1845235,2810,0,0,0,0,0,0,0,0,0,0,0,1,0,0,0,0,0
2020,10307,5511,5511,"I1 Alojamiento",3001108,2500,0,0,0,0,0,0,0,0,0,1,0,0,0,0,0,0,0
2020,17812,5511,5511,"I1 Alojamiento",750785,2500,0,1,0,1,0,0,0,1,0,1,0,1,0,1,0,0,0
2020,15162,5513,5513,"I1 Alojamiento",790735,2500,0,0,0,0,0,0,0,0,0,0,1,1,0,0,0,0,0
2020,13319,5511,5511,"I1 Alojamiento",970518,2429,0,0,0,0,0,0,0,0,0,0,0,1,0,0,0,0,0
2020,14810,5511,5511,"I1 Alojamiento",738194,2378,0,0,0,0,0,0,0,0,0,0,0,1,0,0,0,0,0
2020,10140,5511,5511,"I1 Alojamiento",2624867,2314,0,0,0,0,0,0,0,0,0,0,0,0,0,0,1,0,0
2020,12360,5511,5511,"I1 Alojamiento",3573847,2308,0,0,0,0,0,0,0,0,0,1,0,0,0,0,0,0,0
2020,17604,5511,5511,"I1 Alojamiento",2911920,2300,0,0,0,0,0,0,0,0,1,1,0,0,1,1,1,0,0
2020,14421,5511,5511,"I1 Alojamiento",1748910,2298,0,0,0,0,0,0,0,0,0,0,0,0,0,0,0,0,1
2020,15287,5511,5511,"I1 Alojamiento",8520097,2234,0,0,0,0,0,0,0,0,0,1,0,1,0,0,0,0,0
2020,10001,5511,5511,"I1 Alojamiento",1203938,2222,0,0,0,0,0,0,0,0,0,1,0,1,0,0,0,0,0
2020,14309,5511,5511,"I1 Alojamiento",1025801,2160,0,0,0,0,0,0,0,0,0,1,0,1,1,1,1,0,0
2020,10124,5511,5511,"I1 Alojamiento",2366075,2121,0,0,0,0,0,0,0,0,0,1,0,1,0,0,0,0,0
2020,12740,5511,5511,"I1 Alojamiento",1577439,2100,0,0,0,0,0,0,0,0,0,0,0,1,0,0,1,0,0
2020,20247,5511,5511,"I1 Alojamiento",1182773,2011,0,0,0,0,0,0,0,0,0,0,0,1,0,0,0,0,0
2020,11715,5511,5511,"I1 Alojamiento",616516,2000,0,0,0,0,0,0,0,0,1,1,1,1,1,1,1,1,0
2020,13264,5511,5511,"I1 Alojamiento",1232164,2000,0,1,0,1,0,0,0,0,0,1,0,1,0,0,0,0,0
2020,15285,5511,5511,"I1 Alojamiento",4192310,1898,0,0,0,0,0,0,0,0,0,0,0,1,0,0,0,0,0
2020,10180,5511,5511,"I1 Alojamiento",762322,1874,0,0,0,0,0,0,0,0,0,0,0,1,0,0,0,0,0
2020,17555,5511,5511,"I1 Alojamiento",614323,1859,0,0,0,0,0,0,0,0,0,0,0,1,0,0,0,0,0
2020,14709,5511,5511,"I1 Alojamiento",1960200,1845,0,0,0,0,0,0,0,0,0,1,0,1,0,0,0,0,0
2020,13823,5511,5511,"I1 Alojamiento",1528284,1838,0,0,0,0,0,0,0,0,0,0,0,1,0,0,0,0,0
2020,14269,5530,5512,"I1 Alojamiento",599104,1800,0,0,0,0,0,0,0,0,0,1,0,1,0,0,1,0,0
2020,10318,5511,5511,"I1 Alojamiento",1933096,1788,0,0,0,0,0,0,0,0,0,0,0,0,0,0,1,0,0
2020,15071,5511,5511,"I1 Alojamiento",234104,1715,0,0,0,0,0,0,0,0,0,1,0,1,0,0,1,0,0
2020,19560,5511,5511,"I1 Alojamiento",1186181,1650,0,0,0,0,0,0,0,0,0,0,0,1,0,0,0,0,0
2020,18599,5511,5511,"I1 Alojamiento",4116261,1639,0,0,0,0,0,0,0,0,0,0,0,1,0,0,0,0,0
2020,10222,5511,5511,"I1 Alojamiento",1134000,1633,0,0,0,0,0,0,0,0,0,1,0,1,0,0,1,0,0
2020,11952,5511,5511,"I1 Alojamiento",2707866,1600,0,0,0,0,0,0,0,0,0,0,0,0,0,0,0,0,1
2020,14208,5511,5511,"I1 Alojamiento",656645,1600,0,0,0,0,0,0,0,0,0,0,0,0,0,0,1,0,0
2020,10320,5511,5511,"I1 Alojamiento",1221019,1589,0,0,0,0,0,0,0,0,0,0,0,0,0,0,0,0,1
2020,13204,5511,5511,"I1 Alojamiento",397385,1560,0,0,0,0,0,0,0,0,0,0,0,1,0,0,0,0,0
2020,10274,5511,5511,"I1 Alojamiento",643778,1558,0,0,0,0,0,0,0,0,0,0,0,1,0,0,0,0,0
2020,13811,5511,5511,"I1 Alojamiento",1249050,1500,0,1,0,0,0,0,0,0,0,0,0,0,0,0,1,0,0
2020,15324,5511,5511,"I1 Alojamiento",472482,1500,1,1,0,1,0,0,0,0,1,1,0,1,0,0,0,0,0
2020,15396,5530,5512,"I1 Alojamiento",1134837,1500,0,0,0,0,0,0,0,0,0,1,0,1,1,0,0,0,1
2020,12373,5511,5511,"I1 Alojamiento",2389744,1487,0,0,0,0,0,0,0,0,0,0,0,1,0,0,0,0,0
2020,13741,5513,5513,"I1 Alojamiento",10802849,1435,0,0,0,0,0,0,0,0,0,1,0,1,1,0,1,1,0
2020,17765,5511,5511,"I1 Alojamiento",1381742,1404,0,0,0,0,0,0,0,0,0,0,0,1,0,0,1,0,0
2020,14255,5511,5511,"I1 Alojamiento",1064103,1402,0,0,0,0,0,0,0,0,0,0,0,0,0,0,1,0,0
2020,11916,5511,5511,"I1 Alojamiento",1841093,1400,0,0,0,0,0,0,0,0,1,1,0,1,0,0,0,0,0
2020,17989,5511,5511,"I1 Alojamiento",937038,1400,0,0,0,0,0,0,0,0,1,1,0,1,0,0,0,0,0
2020,10003,5511,5511,"I1 Alojamiento",6722705,1250,0,0,0,0,0,0,0,0,0,0,0,1,0,0,0,0,0
2020,14860,5511,5511,"I1 Alojamiento",2434975,1215,0,0,0,0,0,0,0,0,0,0,0,1,0,0,0,0,0
2020,19682,5511,5511,"I1 Alojamiento",2765769,1210,0,1,0,0,0,0,0,0,0,1,0,0,0,0,0,0,0
2020,17549,5511,5511,"I1 Alojamiento",765583,1200,0,0,0,0,0,0,0,0,0,1,0,1,0,1,0,0,0
2020,15284,5511,5511,"I1 Alojamiento",18954926,1200,0,0,0,0,0,0,0,0,0,0,0,1,0,0,0,0,0
2020,17570,5511,5511,"I1 Alojamiento",555094,1175,0,0,0,0,0,0,0,0,0,1,0,1,0,0,0,0,0
2020,18550,5511,5511,"I1 Alojamiento",1543028,1156,0,0,0,0,0,0,0,0,0,0,0,1,0,0,0,0,0
2020,10264,5511,5511,"I1 Alojamiento",2699106,1143,0,0,0,0,0,0,0,0,0,0,0,1,0,0,0,0,0
2020,19639,5511,5511,"I1 Alojamiento",960572,1060,0,0,0,0,0,0,0,0,0,1,1,1,0,0,1,0,0
2020,10333,5511,5511,"I1 Alojamiento",1356834,1000,0,0,0,0,0,0,0,0,0,1,0,1,0,0,0,0,0
2020,14183,5530,5512,"I1 Alojamiento",670855,1000,0,0,0,0,0,0,0,0,0,1,0,1,0,0,1,0,0
2020,19691,5511,5511,"I1 Alojamiento",422659,1000,1,0,0,0,0,0,0,0,1,0,0,0,0,0,0,0,0
2020,19703,5511,5511,"I1 Alojamiento",917505,1000,0,0,0,0,0,0,0,0,0,1,0,1,0,0,0,0,0
2020,13113,5511,5511,"I1 Alojamiento",1398430,952,0,0,0,0,0,0,0,0,1,0,0,1,0,0,0,0,0
2020,14934,5511,5511,"I1 Alojamiento",340424,925,0,0,0,0,0,0,0,0,0,0,0,1,0,0,0,0,0
2020,10294,5511,5511,"I1 Alojamiento",1551743,880,0,0,0,0,0,0,0,0,0,0,0,1,0,0,0,0,0
2020,14700,5511,5511,"I1 Alojamiento",3671189,878,0,0,0,0,0,0,0,0,0,1,0,1,0,0,0,0,0
2020,14935,5511,5511,"I1 Alojamiento",1501343,805,0,0,0,0,0,0,0,0,0,0,0,1,0,0,0,0,0
2020,20103,5511,5511,"I1 Alojamiento",880881,800,0,0,0,0,0,0,0,0,0,0,0,1,0,0,0,0,0
2020,17909,5511,5511,"I1 Alojamiento",288784,758,0,0,0,0,0,0,0,0,0,1,0,1,0,0,0,0,0
2020,14694,5511,5511,"I1 Alojamiento",9708254,691,0,0,0,0,0,0,0,0,0,1,0,1,0,0,0,0,0
2020,14669,5511,5511,"I1 Alojamiento",1482845,615,0,0,0,0,0,0,0,0,0,0,0,0,0,0,1,0,0
2020,13122,5511,5511,"I1 Alojamiento",3015770,577,0,0,0,0,0,0,0,0,0,0,0,0,0,0,0,0,1
2020,18962,5511,5511,"I1 Alojamiento",556385,573,0,0,0,0,0,0,0,0,0,0,0,0,0,0,0,0,1
2020,15154,5511,5511,"I1 Alojamiento",873630,509,0,0,0,0,0,0,0,0,0,0,0,1,0,0,1,0,0
2020,19715,5511,5511,"I1 Alojamiento",590502,503,0,0,0,0,0,0,0,0,0,0,0,1,0,0,0,0,1
2020,20047,5511,5511,"I1 Alojamiento",395105,500,0,0,0,0,0,0,0,0,0,0,0,1,0,0,0,0,0
2020,20049,5511,5511,"I1 Alojamiento",25195,500,0,0,0,0,0,0,0,0,0,0,0,1,0,0,0,0,0
2020,19679,5511,5511,"I1 Alojamiento",834559,490,0,0,1,1,0,0,0,0,0,0,0,1,0,0,0,0,0
2020,13262,5511,5511,"I1 Alojamiento",270469,450,0,0,0,0,0,0,0,0,0,1,0,1,0,0,0,0,0
2020,14670,5511,5511,"I1 Alojamiento",1120258,420,0,0,0,0,0,0,0,0,0,0,0,1,0,0,0,0,0
2020,14707,5511,5511,"I1 Alojamiento",2141093,420,0,0,0,0,0,0,0,0,0,1,0,1,0,0,0,0,0
2020,17876,5511,5511,"I1 Alojamiento",8455581,350,0,0,0,0,0,0,0,0,0,0,0,0,0,0,0,0,1
2020,17997,5511,5511,"I1 Alojamiento",363964,280,0,1,0,0,0,0,0,0,0,1,0,0,0,0,0,0,0
2020,13601,5511,5511,"I1 Alojamiento",611895,270,0,0,0,1,0,0,0,0,0,0,0,1,0,0,0,0,0
2020,10300,5511,5511,"I1 Alojamiento",982941,250,0,0,0,0,0,0,0,0,0,0,0,1,0,0,0,0,0
2020,14703,5511,5511,"I1 Alojamiento",928132,250,0,0,0,0,0,0,0,0,0,1,0,1,0,0,0,0,0
2020,13629,5530,5512,"I1 Alojamiento",756594,250,0,0,0,0,0,0,0,0,0,0,0,1,0,0,0,0,0
2020,15334,5511,5511,"I1 Alojamiento",1078679,250,0,0,0,0,0,0,0,0,0,1,0,0,0,0,0,0,0
2020,17873,5511,5511,"I1 Alojamiento",4382936,235,0,0,0,0,0,0,0,0,0,0,0,1,0,0,0,0,0
2020,14854,5511,5511,"I1 Alojamiento",1350108,155,0,0,0,0,0,0,0,0,0,0,0,1,0,0,0,0,0
2020,19727,5511,5511,"I1 Alojamiento",392947,150,0,0,0,0,0,0,0,0,0,0,0,1,0,0,0,0,0
2020,14133,5530,5512,"I1 Alojamiento",811875,120,0,0,0,0,0,0,0,0,0,1,0,1,0,0,0,0,0
2020,18965,5511,5511,"I1 Alojamiento",841026,100,0,0,0,0,0,0,0,1,0,0,0,0,0,0,0,0,1
2020,14933,5511,5511,"I1 Alojamiento",2068115,148,0,0,0,0,0,0,0,0,0,0,0,1,0,0,0,0,0
2020,12341,5511,5511,"I1 Alojamiento",3607170,96,0,0,0,0,0,0,0,0,0,1,0,0,0,0,0,0,0
2020,14570,5511,5511,"I1 Alojamiento",1195409,75,0,0,0,0,0,0,0,0,0,0,0,1,0,0,0,0,0
2020,13643,5511,5511,"I1 Alojamiento",4930194,52,0,0,0,0,0,0,0,0,0,1,0,1,0,0,0,0,0
2020,10002,5511,5511,"I1 Alojamiento",1994902,0,0,0,0,0,0,0,0,0,0,0,0,0,0,0,0,0,0
2020,10004,5511,5511,"I1 Alojamiento",2579126,0,0,0,0,0,0,0,0,0,0,0,0,0,0,0,0,0,0
2020,10123,5511,5511,"I1 Alojamiento",1354468,0,0,0,0,0,0,0,0,0,0,0,0,0,0,0,0,0,0
2020,10171,5530,5512,"I1 Alojamiento",925999,0,0,0,0,0,0,0,0,0,0,0,0,0,0,0,0,0,0
2020,17548,5511,5511,"I1 Alojamiento",515032,0,0,0,0,0,0,0,0,0,0,0,0,0,0,0,0,0,0
2020,10189,5511,5511,"I1 Alojamiento",537775,0,0,0,0,0,0,0,0,0,0,0,0,0,0,0,0,0,0
2020,10207,5511,5511,"I1 Alojamiento",513935,0,0,0,0,0,0,0,0,0,0,0,0,0,0,0,0,0,0
2020,10221,5511,5511,"I1 Alojamiento",1468416,0,0,0,0,0,0,0,0,0,0,0,0,0,0,0,0,0,0
2020,10257,5530,5512,"I1 Alojamiento",847926,0,0,0,0,0,0,0,0,0,0,0,0,0,0,0,0,0,0
2020,10265,5511,5511,"I1 Alojamiento",3621285,0,0,0,0,0,0,0,0,0,0,0,0,0,0,0,0,0,0
2020,10266,5511,5511,"I1 Alojamiento",1062818,0,0,0,0,0,0,0,0,0,0,0,0,0,0,0,0,0,0
2020,10283,5511,5511,"I1 Alojamiento",3018478,0,0,0,0,0,0,0,0,0,0,0,0,0,0,0,0,0,0
2020,17557,5511,5511,"I1 Alojamiento",3208535,0,0,0,0,0,0,0,0,0,0,0,0,0,0,0,0,0,0
2020,17960,5511,5511,"I1 Alojamiento",3354322,0,0,0,0,0,0,0,0,0,0,0,0,0,0,0,0,0,0
2020,19744,5511,5511,"I1 Alojamiento",717743,0,0,0,0,0,0,0,0,0,0,0,0,0,0,0,0,0,0
2020,19745,5511,5511,"I1 Alojamiento",1438561,0,0,0,0,0,0,0,0,0,0,0,0,0,0,0,0,0,0
2020,19749,5511,5511,"I1 Alojamiento",243219,0,0,0,0,0,0,0,0,0,0,0,0,0,0,0,0,0,0
2020,10286,5511,5511,"I1 Alojamiento",554546,0,0,0,0,0,0,0,0,0,0,0,0,0,0,0,0,0,0
2020,10287,5511,5511,"I1 Alojamiento",1190378,0,0,0,0,0,0,0,0,0,0,0,0,0,0,0,0,0,0
2020,10290,5511,5511,"I1 Alojamiento",2560966,0,0,0,0,0,0,0,0,0,0,0,0,0,0,0,0,0,0
2020,10291,5511,5511,"I1 Alojamiento",1538142,0,0,0,0,0,0,0,0,0,0,0,0,0,0,0,0,0,0
2020,10295,5511,5511,"I1 Alojamiento",1910223,0,0,0,0,0,0,0,0,0,0,0,0,0,0,0,0,0,0
2020,10296,5511,5511,"I1 Alojamiento",4501987,0,0,0,0,0,0,0,0,0,0,0,0,0,0,0,0,0,0
2020,10297,5511,5511,"I1 Alojamiento",1457375,0,0,0,0,0,0,0,0,0,0,0,0,0,0,0,0,0,0
2020,10299,5511,5511,"I1 Alojamiento",1913801,0,0,0,0,0,0,0,0,0,0,0,0,0,0,0,0,0,0
2020,10301,5511,5511,"I1 Alojamiento",8882600,0,0,0,0,0,0,0,0,0,0,0,0,0,0,0,0,0,0
2020,10302,5511,5511,"I1 Alojamiento",2147336,0,0,0,0,0,0,0,0,0,0,0,0,0,0,0,0,0,0
2020,10305,5511,5511,"I1 Alojamiento",1311317,0,0,0,0,0,0,0,0,0,0,0,0,0,0,0,0,0,0
2020,10306,5511,5511,"I1 Alojamiento",406351,0,0,0,0,0,0,0,0,0,0,0,0,0,0,0,0,0,0
2020,10310,5511,5511,"I1 Alojamiento",821071,0,0,0,0,0,0,0,0,0,0,0,0,0,0,0,0,0,0
2020,10311,5511,5511,"I1 Alojamiento",2251837,0,0,0,0,0,0,0,0,0,0,0,0,0,0,0,0,0,0
2020,10312,5512,5511,"I1 Alojamiento",3046854,0,0,0,0,0,0,0,0,0,0,0,0,0,0,0,0,0,0
2020,10314,5511,5511,"I1 Alojamiento",588882,0,0,0,0,0,0,0,0,0,0,0,0,0,0,0,0,0,0
2020,10317,5511,5511,"I1 Alojamiento",7673972,0,0,0,0,0,0,0,0,0,0,0,0,0,0,0,0,0,0
2020,10321,5511,5511,"I1 Alojamiento",502312,0,0,0,0,0,0,0,0,0,0,0,0,0,0,0,0,0,0
2020,10325,5511,5511,"I1 Alojamiento",1092635,0,0,0,0,0,0,0,0,0,0,0,0,0,0,0,0,0,0
2020,10326,5512,5511,"I1 Alojamiento",1401809,0,0,0,0,0,0,0,0,0,0,0,0,0,0,0,0,0,0
2020,10329,5511,5511,"I1 Alojamiento",14045225,0,0,0,0,0,0,0,0,0,0,0,0,0,0,0,0,0,0
2020,10332,5511,5511,"I1 Alojamiento",3968748,0,0,0,0,0,0,0,0,0,0,0,0,0,0,0,0,0,0
2020,15458,5512,5511,"I1 Alojamiento",626201,0,0,0,0,0,0,0,0,0,0,0,0,0,0,0,0,0,0
2020,10587,5511,5511,"I1 Alojamiento",2153265,0,0,0,0,0,0,0,0,0,0,0,0,0,0,0,0,0,0
2020,10594,5511,5511,"I1 Alojamiento",2992531,0,0,0,0,0,0,0,0,0,0,0,0,0,0,0,0,0,0
2020,16139,5511,5511,"I1 Alojamiento",669281,0,0,0,0,0,0,0,0,0,0,0,0,0,0,0,0,0,0
2020,11512,5511,5511,"I1 Alojamiento",1035895,0,0,0,0,0,0,0,0,0,0,0,0,0,0,0,0,0,0
2020,11545,5511,5511,"I1 Alojamiento",500954,0,0,0,0,0,0,0,0,0,0,0,0,0,0,0,0,0,0
2020,11559,5530,5512,"I1 Alojamiento",555527,0,0,0,0,0,0,0,0,0,0,0,0,0,0,0,0,0,0
2020,11599,5511,5511,"I1 Alojamiento",1061646,0,0,0,0,0,0,0,0,0,0,0,0,0,0,0,0,0,0
2020,11615,5511,5511,"I1 Alojamiento",568917,0,0,0,0,0,0,0,0,0,0,0,0,0,0,0,0,0,0
2020,11634,5511,5511,"I1 Alojamiento",1018463,0,0,0,0,0,0,0,0,0,0,0,0,0,0,0,0,0,0
2020,11704,5511,5511,"I1 Alojamiento",1117634,0,0,0,0,0,0,0,0,0,0,0,0,0,0,0,0,0,0
2020,11705,5511,5511,"I1 Alojamiento",902905,0,0,0,0,0,0,0,0,0,0,0,0,0,0,0,0,0,0
2020,11706,5511,5511,"I1 Alojamiento",418013,0,0,0,0,0,0,0,0,0,0,0,0,0,0,0,0,0,0
2020,11707,5511,5511,"I1 Alojamiento",934726,0,0,0,0,0,0,0,0,0,0,0,0,0,0,0,0,0,0
2020,11709,5511,5511,"I1 Alojamiento",523853,0,0,0,0,0,0,0,0,0,0,0,0,0,0,0,0,0,0
2020,11710,5511,5511,"I1 Alojamiento",328990,0,0,0,0,0,0,0,0,0,0,0,0,0,0,0,0,0,0
2020,11712,5511,5511,"I1 Alojamiento",514811,0,0,0,0,0,0,0,0,0,0,0,0,0,0,0,0,0,0
2020,11716,5511,5511,"I1 Alojamiento",1111449,0,0,0,0,0,0,0,0,0,0,0,0,0,0,0,0,0,0
2020,11717,5512,5511,"I1 Alojamiento",2622275,0,0,0,0,0,0,0,0,0,0,0,0,0,0,0,0,0,0
2020,19179,5511,5511,"I1 Alojamiento",272705,0,0,0,0,0,0,0,0,0,0,0,0,0,0,0,0,0,0
2020,11914,5511,5511,"I1 Alojamiento",834629,0,0,0,0,0,0,0,0,0,0,0,0,0,0,0,0,0,0
2020,11915,5511,5511,"I1 Alojamiento",1432026,0,0,0,0,0,0,0,0,0,0,0,0,0,0,0,0,0,0
2020,17572,5511,5511,"I1 Alojamiento",542876,0,0,0,0,0,0,0,0,0,0,0,0,0,0,0,0,0,0
2020,18574,5511,5511,"I1 Alojamiento",419270,0,0,0,0,0,0,0,0,0,0,0,0,0,0,0,0,0,0
2020,11918,5511,5511,"I1 Alojamiento",545594,0,0,0,0,0,0,0,0,0,0,0,0,0,0,0,0,0,0
2020,11919,5512,5511,"I1 Alojamiento",652017,0,0,0,0,0,0,0,0,0,0,0,0,0,0,0,0,0,0
2020,11920,5511,5511,"I1 Alojamiento",748818,0,0,0,0,0,0,0,0,0,0,0,0,0,0,0,0,0,0
2020,11921,5511,5511,"I1 Alojamiento",585992,0,0,0,0,0,0,0,0,0,0,0,0,0,0,0,0,0,0
2020,12038,5530,5512,"I1 Alojamiento",651280,0,0,0,0,0,0,0,0,0,0,0,0,0,0,0,0,0,0
2020,12072,5511,5511,"I1 Alojamiento",1116912,0,0,0,0,0,0,0,0,0,0,0,0,0,0,0,0,0,0
2020,12073,5511,5511,"I1 Alojamiento",19108496,0,0,0,0,0,0,0,0,0,0,0,0,0,0,0,0,0,0
2020,12074,5511,5511,"I1 Alojamiento",1841507,0,0,0,0,0,0,0,0,0,0,0,0,0,0,0,0,0,0
2020,12075,5511,5511,"I1 Alojamiento",9366651,0,0,0,0,0,0,0,0,0,0,0,0,0,0,0,0,0,0
2020,12076,5511,5511,"I1 Alojamiento",948749,0,0,0,0,0,0,0,0,0,0,0,0,0,0,0,0,0,0
2020,12149,5530,5512,"I1 Alojamiento",2572273,0,0,0,0,0,0,0,0,0,0,0,0,0,0,0,0,0,0
2020,12216,5511,5511,"I1 Alojamiento",916382,0,0,0,0,0,0,0,0,0,0,0,0,0,0,0,0,0,0
2020,17979,5511,5511,"I1 Alojamiento",1832094,0,0,0,0,0,0,0,0,0,0,0,0,0,0,0,0,0,0
2020,12219,5511,5511,"I1 Alojamiento",1568125,0,0,0,0,0,0,0,0,0,0,0,0,0,0,0,0,0,0
2020,12220,5530,5512,"I1 Alojamiento",687357,0,0,0,0,0,0,0,0,0,0,0,0,0,0,0,0,0,0
2020,12221,5511,5511,"I1 Alojamiento",4659972,0,0,0,0,0,0,0,0,0,0,0,0,0,0,0,0,0,0
2020,12259,5530,5512,"I1 Alojamiento",455329,0,0,0,0,0,0,0,0,0,0,0,0,0,0,0,0,0,0
2020,12347,5511,5511,"I1 Alojamiento",8980635,0,0,0,0,0,0,0,0,0,0,0,0,0,0,0,0,0,0
2020,12348,5511,5511,"I1 Alojamiento",1288633,0,0,0,0,0,0,0,0,0,0,0,0,0,0,0,0,0,0
2020,12350,5511,5511,"I1 Alojamiento",80628019,0,0,0,0,0,0,0,0,0,0,0,0,0,0,0,0,0,0
2020,12358,5511,5511,"I1 Alojamiento",4363876,0,0,0,0,0,0,0,0,0,0,0,0,0,0,0,0,0,0
2020,12359,5511,5511,"I1 Alojamiento",2464758,0,0,0,0,0,0,0,0,0,0,0,0,0,0,0,0,0,0
2020,12363,5511,5511,"I1 Alojamiento",1576810,0,0,0,0,0,0,0,0,0,0,0,0,0,0,0,0,0,0
2020,12364,5511,5511,"I1 Alojamiento",4049076,0,0,0,0,0,0,0,0,0,0,0,0,0,0,0,0,0,0
2020,12365,5511,5511,"I1 Alojamiento",1346386,0,0,0,0,0,0,0,0,0,0,0,0,0,0,0,0,0,0
2020,12367,5511,5511,"I1 Alojamiento",111747,0,0,0,0,0,0,0,0,0,0,0,0,0,0,0,0,0,0
2020,12368,5511,5511,"I1 Alojamiento",1256936,0,0,0,0,0,0,0,0,0,0,0,0,0,0,0,0,0,0
2020,12370,5511,5511,"I1 Alojamiento",770535,0,0,0,0,0,0,0,0,0,0,0,0,0,0,0,0,0,0
2020,12371,5511,5511,"I1 Alojamiento",1081760,0,0,0,0,0,0,0,0,0,0,0,0,0,0,0,0,0,0
2020,12372,5511,5511,"I1 Alojamiento",2195090,0,0,0,0,0,0,0,0,0,0,0,0,0,0,0,0,0,0
2020,12672,5511,5511,"I1 Alojamiento",1592034,0,0,0,0,0,0,0,0,0,0,0,0,0,0,0,0,0,0
2020,12676,5511,5511,"I1 Alojamiento",2387118,0,0,0,0,0,0,0,0,0,0,0,0,0,0,0,0,0,0
2020,12678,5511,5511,"I1 Alojamiento",1928989,0,0,0,0,0,0,0,0,0,0,0,0,0,0,0,0,0,0
2020,12684,5511,5511,"I1 Alojamiento",905900,0,0,0,0,0,0,0,0,0,0,0,0,0,0,0,0,0,0
2020,12713,5511,5511,"I1 Alojamiento",1436049,0,0,0,0,0,0,0,0,0,0,0,0,0,0,0,0,0,0
2020,12714,5511,5511,"I1 Alojamiento",1740271,0,0,0,0,0,0,0,0,0,0,0,0,0,0,0,0,0,0
2020,12721,5511,5511,"I1 Alojamiento",362568,0,0,0,0,0,0,0,0,0,0,0,0,0,0,0,0,0,0
2020,12724,5511,5511,"I1 Alojamiento",5941129,0,0,0,0,0,0,0,0,0,0,0,0,0,0,0,0,0,0
2020,12731,5511,5511,"I1 Alojamiento",9017550,0,0,0,0,0,0,0,0,0,0,0,0,0,0,0,0,0,0
2020,12916,5511,5511,"I1 Alojamiento",8689603,0,0,0,0,0,0,0,0,0,0,0,0,0,0,0,0,0,0
2020,12961,5511,5511,"I1 Alojamiento",3946739,0,0,0,0,0,0,0,0,0,0,0,0,0,0,0,0,0,0
2020,12988,5511,5511,"I1 Alojamiento",1500355,0,0,0,0,0,0,0,0,0,0,0,0,0,0,0,0,0,0
2020,12990,5511,5511,"I1 Alojamiento",2514941,0,0,0,0,0,0,0,0,0,0,0,0,0,0,0,0,0,0
2020,12992,5511,5511,"I1 Alojamiento",2419736,0,0,0,0,0,0,0,0,0,0,0,0,0,0,0,0,0,0
2020,12993,5511,5511,"I1 Alojamiento",3376812,0,0,0,0,0,0,0,0,0,0,0,0,0,0,0,0,0,0
2020,12994,5511,5511,"I1 Alojamiento",2569358,0,0,0,0,0,0,0,0,0,0,0,0,0,0,0,0,0,0
2020,12995,5511,5511,"I1 Alojamiento",1704171,0,0,0,0,0,0,0,0,0,0,0,0,0,0,0,0,0,0
2020,13059,5511,5511,"I1 Alojamiento",988596,0,0,0,0,0,0,0,0,0,0,0,0,0,0,0,0,0,0
2020,13063,5511,5511,"I1 Alojamiento",4884968,0,0,0,0,0,0,0,0,0,0,0,0,0,0,0,0,0,0
2020,13071,5511,5511,"I1 Alojamiento",1107762,0,0,0,0,0,0,0,0,0,0,0,0,0,0,0,0,0,0
2020,17734,5511,5511,"I1 Alojamiento",1309127,0,0,0,0,0,0,0,0,0,0,0,0,0,0,0,0,0,0
2020,17735,5511,5511,"I1 Alojamiento",1306140,0,0,0,0,0,0,0,0,0,0,0,0,0,0,0,0,0,0
2020,17737,5511,5511,"I1 Alojamiento",452859,0,0,0,0,0,0,0,0,0,0,0,0,0,0,0,0,0,0
2020,17738,5511,5511,"I1 Alojamiento",484158,0,0,0,0,0,0,0,0,0,0,0,0,0,0,0,0,0,0
2020,17739,5511,5511,"I1 Alojamiento",505279,0,0,0,0,0,0,0,0,0,0,0,0,0,0,0,0,0,0
2020,17740,5511,5511,"I1 Alojamiento",607792,0,0,0,0,0,0,0,0,0,0,0,0,0,0,0,0,0,0
2020,17742,5511,5511,"I1 Alojamiento",1373918,0,0,0,0,0,0,0,0,0,0,0,0,0,0,0,0,0,0
2020,17744,5511,5511,"I1 Alojamiento",479785,0,0,0,0,0,0,0,0,0,0,0,0,0,0,0,0,0,0
2020,19340,5511,5511,"I1 Alojamiento",321787,0,0,0,0,0,0,0,0,0,0,0,0,0,0,0,0,0,0
2020,18000,5511,5511,"I1 Alojamiento",663955,0,0,0,0,0,0,0,0,0,0,0,0,0,0,0,0,0,0
2020,18001,5511,5511,"I1 Alojamiento",1698681,0,0,0,0,0,0,0,0,0,0,0,0,0,0,0,0,0,0
2020,18605,5511,5511,"I1 Alojamiento",2436421,0,0,0,0,0,0,0,0,0,0,0,0,0,0,0,0,0,0
2020,18676,5511,5511,"I1 Alojamiento",1582203,0,0,0,0,0,0,0,0,0,0,0,0,0,0,0,0,0,0
2020,19472,5511,5511,"I1 Alojamiento",874546,0,0,0,0,0,0,0,0,0,0,0,0,0,0,0,0,0,0
2020,19473,5511,5511,"I1 Alojamiento",1273549,0,0,0,0,0,0,0,0,0,0,0,0,0,0,0,0,0,0
2020,19474,5511,5511,"I1 Alojamiento",10739753,0,0,0,0,0,0,0,0,0,0,0,0,0,0,0,0,0,0
2020,19855,5511,5511,"I1 Alojamiento",2492156,0,0,0,0,0,0,0,0,0,0,0,0,0,0,0,0,0,0
2020,19489,5511,5511,"I1 Alojamiento",621607,0,0,0,0,0,0,0,0,0,0,0,0,0,0,0,0,0,0
2020,19857,5514,5519,"I1 Alojamiento",227570,0,0,0,0,0,0,0,0,0,0,0,0,0,0,0,0,0,0
2020,19490,5511,5511,"I1 Alojamiento",383753,0,0,0,0,0,0,0,0,0,0,0,0,0,0,0,0,0,0
2020,19491,5511,5511,"I1 Alojamiento",2186517,0,0,0,0,0,0,0,0,0,0,0,0,0,0,0,0,0,0
2020,19492,5511,5511,"I1 Alojamiento",600776,0,0,0,0,0,0,0,0,0,0,0,0,0,0,0,0,0,0
2020,19494,5512,5511,"I1 Alojamiento",316237,0,0,0,0,0,0,0,0,0,0,0,0,0,0,0,0,0,0
2020,19496,5511,5511,"I1 Alojamiento",590586,0,0,0,0,0,0,0,0,0,0,0,0,0,0,0,0,0,0
2020,19497,5511,5511,"I1 Alojamiento",264912,0,0,0,0,0,0,0,0,0,0,0,0,0,0,0,0,0,0
2020,19858,5511,5511,"I1 Alojamiento",243881,0,0,0,0,0,0,0,0,0,0,0,0,0,0,0,0,0,0
2020,19909,5511,5511,"I1 Alojamiento",851585,0,0,0,0,0,0,0,0,0,0,0,0,0,0,0,0,0,0
2020,19910,5511,5511,"I1 Alojamiento",778535,0,0,0,0,0,0,0,0,0,0,0,0,0,0,0,0,0,0
2020,19911,5511,5511,"I1 Alojamiento",1076632,0,0,0,0,0,0,0,0,0,0,0,0,0,0,0,0,0,0
2020,19912,5511,5511,"I1 Alojamiento",277290,0,0,0,0,0,0,0,0,0,0,0,0,0,0,0,0,0,0
2020,19913,5519,5519,"I1 Alojamiento",420065,0,0,0,0,0,0,0,0,0,0,0,0,0,0,0,0,0,0
2020,13117,5511,5511,"I1 Alojamiento",2369860,0,0,0,0,0,0,0,0,0,0,0,0,0,0,0,0,0,0
2020,13119,5511,5511,"I1 Alojamiento",4512181,0,0,0,0,0,0,0,0,0,0,0,0,0,0,0,0,0,0
2020,13123,5511,5511,"I1 Alojamiento",2166279,0,0,0,0,0,0,0,0,0,0,0,0,0,0,0,0,0,0
2020,13229,5511,5511,"I1 Alojamiento",456263,0,0,0,0,0,0,0,0,0,0,0,0,0,0,0,0,0,0
2020,13258,5511,5511,"I1 Alojamiento",956890,0,0,0,0,0,0,0,0,0,0,0,0,0,0,0,0,0,0
2020,13259,5511,5511,"I1 Alojamiento",385492,0,0,0,0,0,0,0,0,0,0,0,0,0,0,0,0,0,0
2020,13260,5511,5511,"I1 Alojamiento",696397,0,0,0,0,0,0,0,0,0,0,0,0,0,0,0,0,0,0
2020,13261,5511,5511,"I1 Alojamiento",561285,0,0,0,0,0,0,0,0,0,0,0,0,0,0,0,0,0,0
2020,13263,5511,5511,"I1 Alojamiento",815407,0,0,0,0,0,0,0,0,0,0,0,0,0,0,0,0,0,0
2020,13265,5511,5511,"I1 Alojamiento",650358,0,0,0,0,0,0,0,0,0,0,0,0,0,0,0,0,0,0
2020,13266,5511,5511,"I1 Alojamiento",1027710,0,0,0,0,0,0,0,0,0,0,0,0,0,0,0,0,0,0
2020,13269,5513,5513,"I1 Alojamiento",727145,0,0,0,0,0,0,0,0,0,0,0,0,0,0,0,0,0,0
2020,13305,5511,5511,"I1 Alojamiento",3434940,0,0,0,0,0,0,0,0,0,0,0,0,0,0,0,0,0,0
2020,13306,5511,5511,"I1 Alojamiento",610407,0,0,0,0,0,0,0,0,0,0,0,0,0,0,0,0,0,0
2020,17761,5511,5511,"I1 Alojamiento",1411836,0,0,0,0,0,0,0,0,0,0,0,0,0,0,0,0,0,0
2020,18273,5511,5511,"I1 Alojamiento",2767781,0,0,0,0,0,0,0,0,0,0,0,0,0,0,0,0,0,0
2020,18293,5511,5511,"I1 Alojamiento",197941,0,0,0,0,0,0,0,0,0,0,0,0,0,0,0,0,0,0
2020,18931,5511,5511,"I1 Alojamiento",379416,0,0,0,0,0,0,0,0,0,0,0,0,0,0,0,0,0,0
2020,19558,5511,5511,"I1 Alojamiento",498216,0,0,0,0,0,0,0,0,0,0,0,0,0,0,0,0,0,0
2020,19559,5511,5511,"I1 Alojamiento",574249,0,0,0,0,0,0,0,0,0,0,0,0,0,0,0,0,0,0
2020,19561,5511,5511,"I1 Alojamiento",529144,0,0,0,0,0,0,0,0,0,0,0,0,0,0,0,0,0,0
2020,19562,5512,5511,"I1 Alojamiento",818923,0,0,0,0,0,0,0,0,0,0,0,0,0,0,0,0,0,0
2020,20011,5511,5511,"I1 Alojamiento",396506,0,0,0,0,0,0,0,0,0,0,0,0,0,0,0,0,0,0
2020,20012,5511,5511,"I1 Alojamiento",700972,0,0,0,0,0,0,0,0,0,0,0,0,0,0,0,0,0,0
2020,20014,5511,5511,"I1 Alojamiento",474158,0,0,0,0,0,0,0,0,0,0,0,0,0,0,0,0,0,0
2020,13313,5511,5511,"I1 Alojamiento",910105,0,0,0,0,0,0,0,0,0,0,0,0,0,0,0,0,0,0
2020,13314,5511,5511,"I1 Alojamiento",1039657,0,0,0,0,0,0,0,0,0,0,0,0,0,0,0,0,0,0
2020,13315,5511,5511,"I1 Alojamiento",2938709,0,0,0,0,0,0,0,0,0,0,0,0,0,0,0,0,0,0
2020,13316,5511,5511,"I1 Alojamiento",5374280,0,0,0,0,0,0,0,0,0,0,0,0,0,0,0,0,0,0
2020,13318,5511,5511,"I1 Alojamiento",440715,0,0,0,0,0,0,0,0,0,0,0,0,0,0,0,0,0,0
2020,13320,5511,5511,"I1 Alojamiento",1342155,0,0,0,0,0,0,0,0,0,0,0,0,0,0,0,0,0,0
2020,13321,5511,5511,"I1 Alojamiento",1143946,0,0,0,0,0,0,0,0,0,0,0,0,0,0,0,0,0,0
2020,13324,5511,5511,"I1 Alojamiento",4997930,0,0,0,0,0,0,0,0,0,0,0,0,0,0,0,0,0,0
2020,13325,5511,5511,"I1 Alojamiento",2522735,0,0,0,0,0,0,0,0,0,0,0,0,0,0,0,0,0,0
2020,13511,5511,5511,"I1 Alojamiento",502242,0,0,0,0,0,0,0,0,0,0,0,0,0,0,0,0,0,0
2020,13521,5511,5511,"I1 Alojamiento",834575,0,0,0,0,0,0,0,0,0,0,0,0,0,0,0,0,0,0
2020,13530,5512,5511,"I1 Alojamiento",480184,0,0,0,0,0,0,0,0,0,0,0,0,0,0,0,0,0,0
2020,13562,5530,5512,"I1 Alojamiento",995479,0,0,0,0,0,0,0,0,0,0,0,0,0,0,0,0,0,0
2020,13565,5530,5512,"I1 Alojamiento",901004,0,0,0,0,0,0,0,0,0,0,0,0,0,0,0,0,0,0
2020,13566,5530,5512,"I1 Alojamiento",377788,0,0,0,0,0,0,0,0,0,0,0,0,0,0,0,0,0,0
2020,13567,5511,5511,"I1 Alojamiento",1515275,0,0,0,0,0,0,0,0,0,0,0,0,0,0,0,0,0,0
2020,13602,5511,5511,"I1 Alojamiento",816327,0,0,0,0,0,0,0,0,0,0,0,0,0,0,0,0,0,0
2020,13618,5511,5511,"I1 Alojamiento",1068128,0,0,0,0,0,0,0,0,0,0,0,0,0,0,0,0,0,0
2020,13619,5530,5512,"I1 Alojamiento",1622297,0,0,0,0,0,0,0,0,0,0,0,0,0,0,0,0,0,0
2020,15789,5511,5511,"I1 Alojamiento",955340,0,0,0,0,0,0,0,0,0,0,0,0,0,0,0,0,0,0
2020,13644,5511,5511,"I1 Alojamiento",4477486,0,0,0,0,0,0,0,0,0,0,0,0,0,0,0,0,0,0
2020,13645,5511,5511,"I1 Alojamiento",649876,0,0,0,0,0,0,0,0,0,0,0,0,0,0,0,0,0,0
2020,13653,5511,5511,"I1 Alojamiento",1741454,0,0,0,0,0,0,0,0,0,0,0,0,0,0,0,0,0,0
2020,13719,5511,5511,"I1 Alojamiento",1276793,0,0,0,0,0,0,0,0,0,0,0,0,0,0,0,0,0,0
2020,17780,5511,5511,"I1 Alojamiento",723569,0,0,0,0,0,0,0,0,0,0,0,0,0,0,0,0,0,0
2020,17801,5511,5511,"I1 Alojamiento",114250,0,0,0,0,0,0,0,0,0,0,0,0,0,0,0,0,0,0
2020,18943,5511,5511,"I1 Alojamiento",1993395,0,0,0,0,0,0,0,0,0,0,0,0,0,0,0,0,0,0
2020,19578,5511,5511,"I1 Alojamiento",878407,0,0,0,0,0,0,0,0,0,0,0,0,0,0,0,0,0,0
2020,19579,5511,5511,"I1 Alojamiento",2049407,0,0,0,0,0,0,0,0,0,0,0,0,0,0,0,0,0,0
2020,20044,5511,5511,"I1 Alojamiento",382518,0,0,1,0,1,0,1,0,0,0,0,0,0,0,0,0,0,0
2020,19582,5511,5511,"I1 Alojamiento",1342976,0,0,0,0,0,0,0,0,0,0,0,0,0,0,0,0,0,0
2020,20048,5511,5511,"I1 Alojamiento",588960,0,0,0,0,0,0,0,0,0,0,0,0,0,0,0,0,0,0
2020,20050,5511,5511,"I1 Alojamiento",156381,0,0,0,0,0,0,0,0,0,0,0,0,0,0,0,0,0,0
2020,20051,5513,5513,"I1 Alojamiento",717858,0,0,0,0,0,0,0,0,0,0,0,0,0,0,0,0,0,0
2020,20052,5511,5511,"I1 Alojamiento",315726,0,0,0,0,0,0,0,0,0,0,0,0,0,0,0,0,0,0
2020,13739,5511,5511,"I1 Alojamiento",3947678,0,0,0,0,0,0,0,0,0,0,0,0,0,0,0,0,0,0
2020,13740,5511,5511,"I1 Alojamiento",2778150,0,0,0,0,0,0,0,0,0,0,0,0,0,0,0,0,0,0
2020,13768,5511,5511,"I1 Alojamiento",361450,0,0,0,0,0,0,0,0,0,0,0,0,0,0,0,0,0,0
2020,13781,5511,5511,"I1 Alojamiento",643114,0,0,0,0,0,0,0,0,0,0,0,0,0,0,0,0,0,0
2020,18981,5511,5511,"I1 Alojamiento",778198,0,0,0,0,0,0,0,0,0,0,0,0,0,0,0,0,0,0
2020,19595,5511,5511,"I1 Alojamiento",1355264,0,0,0,0,0,0,0,0,1,0,0,0,0,0,0,0,0,0
2020,19596,5511,5511,"I1 Alojamiento",519386,0,0,0,0,0,0,0,0,0,0,0,0,0,0,0,0,0,0
2020,13801,5530,5512,"I1 Alojamiento",706585,0,0,0,0,0,0,0,0,0,0,0,0,0,0,0,0,0,0
2020,13802,5530,5512,"I1 Alojamiento",3041225,0,0,0,0,0,0,0,0,0,0,0,0,0,0,0,0,0,0
2020,13803,5511,5511,"I1 Alojamiento",734090,0,0,0,0,0,0,0,0,0,0,0,0,0,0,0,0,0,0
2020,13804,5511,5511,"I1 Alojamiento",2241339,0,0,0,0,0,0,0,0,0,0,0,0,0,0,0,0,0,0
2020,13805,5511,5511,"I1 Alojamiento",2376766,0,0,0,0,0,0,0,0,0,0,0,0,0,0,0,0,0,0
2020,13808,5511,5511,"I1 Alojamiento",2741953,0,0,0,0,0,0,0,0,0,0,0,0,0,0,0,0,0,0
2020,13809,5511,5511,"I1 Alojamiento",13283882,0,0,0,0,0,0,0,0,0,0,0,0,0,0,0,0,0,0
2020,13812,5511,5511,"I1 Alojamiento",3660200,0,0,0,0,0,0,0,0,0,0,0,0,0,0,0,0,0,0
2020,13814,5511,5511,"I1 Alojamiento",1785479,0,0,0,0,0,0,0,0,0,0,0,0,0,0,0,0,0,0
2020,13815,5511,5511,"I1 Alojamiento",3551934,0,0,0,0,0,0,0,0,0,0,0,0,0,0,0,0,0,0
2020,13818,5511,5511,"I1 Alojamiento",2214476,0,0,0,0,0,0,0,0,0,0,0,0,0,0,0,0,0,0
2020,13822,5530,5512,"I1 Alojamiento",227101,0,0,0,0,0,0,0,0,0,0,0,0,0,0,0,0,0,0
2020,13824,5530,5512,"I1 Alojamiento",1380502,0,0,0,0,0,0,0,0,0,0,0,0,0,0,0,0,0,0
2020,14112,5511,5511,"I1 Alojamiento",946453,0,0,0,0,0,0,0,0,0,0,0,0,0,0,0,0,0,0
2020,14120,5519,5519,"I1 Alojamiento",1630137,0,0,0,0,0,0,0,0,0,0,0,0,0,0,0,0,0,0
2020,14132,5511,5511,"I1 Alojamiento",538448,0,0,0,0,0,0,0,0,0,0,0,0,0,0,0,0,0,0
2020,14176,5511,5511,"I1 Alojamiento",4201492,0,0,0,0,0,0,0,0,0,0,0,0,0,0,0,0,0,0
2020,14201,5511,5511,"I1 Alojamiento",1129398,0,0,0,0,0,0,0,0,0,0,0,0,0,0,0,0,0,0
2020,14209,5511,5511,"I1 Alojamiento",992906,0,0,1,0,0,0,0,0,0,0,0,0,0,0,0,0,0,0
2020,14276,5530,5512,"I1 Alojamiento",2752839,0,0,0,0,0,0,0,0,0,0,0,0,0,0,0,0,0,0
2020,14299,5511,5511,"I1 Alojamiento",1038364,0,0,0,0,0,0,0,0,0,0,0,0,0,0,0,0,0,0
2020,14301,5511,5511,"I1 Alojamiento",2883991,0,0,0,0,0,0,0,0,0,0,0,0,0,0,0,0,0,0
2020,14302,5511,5511,"I1 Alojamiento",1443594,0,0,0,0,0,0,0,0,0,0,0,0,0,0,0,0,0,0
2020,14303,5511,5511,"I1 Alojamiento",2236316,0,0,0,0,0,0,0,0,0,0,0,0,0,0,0,0,0,0
2020,14305,5511,5511,"I1 Alojamiento",1924257,0,0,0,0,1,0,0,0,0,0,0,0,0,0,0,0,0,0
2020,14307,5511,5511,"I1 Alojamiento",4962676,0,0,0,0,0,0,0,0,0,0,0,0,0,0,0,0,0,0
2020,14308,5511,5511,"I1 Alojamiento",1484733,0,0,0,0,0,0,0,0,0,0,0,0,0,0,0,0,0,0
2020,14310,5511,5511,"I1 Alojamiento",1476796,0,0,0,0,0,0,0,0,0,0,0,0,0,0,0,0,0,0
2020,14311,5513,5513,"I1 Alojamiento",773428,0,0,0,0,0,0,0,0,0,0,0,0,0,0,0,0,0,0
2020,14312,5511,5511,"I1 Alojamiento",333882,0,0,0,0,0,0,0,0,0,0,0,0,0,0,0,0,0,0
2020,14314,5511,5511,"I1 Alojamiento",2894828,0,0,0,0,0,0,0,0,0,0,0,0,0,0,0,0,0,0
2020,14315,5511,5511,"I1 Alojamiento",654619,0,0,0,0,0,0,0,0,0,0,0,0,0,0,0,0,0,0
2020,14316,5511,5511,"I1 Alojamiento",359412,0,0,0,0,0,0,0,0,0,0,0,0,0,0,0,0,0,0
2020,14317,5511,5511,"I1 Alojamiento",1389483,0,0,0,0,0,0,0,0,0,0,0,0,0,0,0,0,0,0
2020,14318,5511,5511,"I1 Alojamiento",3367968,0,0,0,0,0,0,0,0,0,0,0,0,0,0,0,0,0,0
2020,14323,5511,5511,"I1 Alojamiento",2185779,0,0,0,0,0,0,0,0,0,0,0,0,0,0,0,0,0,0
2020,14338,5511,5511,"I1 Alojamiento",1343184,0,1,1,1,1,0,0,0,0,0,0,0,0,0,0,0,0,0
2020,14397,5511,5511,"I1 Alojamiento",1503126,0,0,0,0,0,0,0,0,0,0,0,0,0,0,0,0,0,0
2020,14398,5530,5512,"I1 Alojamiento",712013,0,0,0,0,0,0,0,0,0,0,0,0,0,0,0,0,0,0
2020,14399,5590,5519,"I1 Alojamiento",4463891,0,0,0,0,0,0,0,0,0,0,0,0,0,0,0,0,0,0
2020,19607,5511,5511,"I1 Alojamiento",577725,0,0,0,0,0,0,0,0,0,0,0,0,0,0,0,0,0,0
2020,14422,5511,5511,"I1 Alojamiento",1239658,0,0,0,0,0,0,0,0,0,0,0,0,0,0,0,0,0,0
2020,17827,5511,5511,"I1 Alojamiento",953786,0,0,0,0,0,0,0,0,0,0,0,0,0,0,0,0,0,0
2020,17828,5511,5511,"I1 Alojamiento",1363304,0,0,0,0,0,0,0,0,0,0,0,0,0,0,0,0,0,0
2020,17852,5511,5511,"I1 Alojamiento",1256391,0,0,0,0,0,0,0,0,0,0,0,0,0,0,0,0,0,0
2020,17853,5511,5511,"I1 Alojamiento",1739207,0,0,0,0,0,0,0,0,0,0,0,0,0,0,0,0,0,0
2020,18996,5511,5511,"I1 Alojamiento",1338974,0,0,0,0,0,0,0,0,0,0,0,0,0,0,0,0,0,0
2020,18999,5511,5511,"I1 Alojamiento",1575242,0,0,0,0,0,0,0,0,0,0,0,0,0,0,0,0,0,0
2020,19628,5511,5511,"I1 Alojamiento",1022424,0,0,0,0,0,0,0,0,0,0,0,0,0,0,0,0,0,0
2020,19027,5530,5512,"I1 Alojamiento",3531532,0,0,0,0,0,0,0,0,0,0,0,0,0,0,0,0,0,0
2020,19631,5511,5511,"I1 Alojamiento",370360,0,0,0,0,0,0,0,0,0,0,0,0,0,0,0,0,0,0
2020,19632,5511,5511,"I1 Alojamiento",1315343,0,0,0,0,0,0,0,0,0,0,0,0,0,0,0,0,0,0
2020,20097,5511,5511,"I1 Alojamiento",1090241,0,0,0,0,0,0,0,0,0,0,0,0,0,0,0,0,0,0
2020,20098,5511,5511,"I1 Alojamiento",383007,0,0,0,0,0,0,0,0,0,0,0,0,0,0,0,0,0,0
2020,19633,5511,5511,"I1 Alojamiento",302547,0,0,0,0,0,0,0,0,0,0,0,0,0,0,0,0,0,0
2020,20099,5511,5511,"I1 Alojamiento",637451,0,0,0,0,0,0,0,0,0,0,0,0,0,0,0,0,0,0
2020,19634,5511,5511,"I1 Alojamiento",854275,0,0,0,0,0,0,0,0,0,0,0,0,0,0,0,0,0,0
2020,19635,5511,5511,"I1 Alojamiento",682300,0,0,0,0,0,0,0,1,0,0,0,0,0,0,0,0,0,0
2020,19636,5511,5511,"I1 Alojamiento",798778,0,0,0,0,0,0,0,0,0,0,0,0,0,0,0,0,0,0
2020,19637,5511,5511,"I1 Alojamiento",813136,0,0,0,0,0,0,0,0,0,0,0,0,0,0,0,0,0,0
2020,19640,5511,5511,"I1 Alojamiento",780753,0,0,0,0,0,0,0,0,0,0,0,0,0,0,0,0,0,0
2020,19643,5511,5511,"I1 Alojamiento",426256,0,0,0,0,0,0,0,0,0,0,0,0,0,0,0,0,0,0
2020,19644,5511,5511,"I1 Alojamiento",1718546,0,0,0,0,0,0,0,0,0,0,0,0,0,0,0,0,0,0
2020,19645,5511,5511,"I1 Alojamiento",931052,0,0,0,0,0,0,0,0,0,0,0,0,0,0,0,0,0,0
2020,19646,5511,5511,"I1 Alojamiento",380560,0,0,0,0,0,0,0,0,0,0,0,0,0,0,0,0,0,0
2020,20101,5511,5511,"I1 Alojamiento",725172,0,0,0,0,0,0,0,0,0,0,0,0,0,0,0,0,0,0
2020,20113,5511,5511,"I1 Alojamiento",1358462,0,0,0,0,0,0,0,0,0,0,0,0,0,0,0,0,0,0
2020,20115,5511,5511,"I1 Alojamiento",416329,0,0,0,0,0,0,0,0,0,0,0,0,0,0,0,0,0,0
2020,20116,5511,5511,"I1 Alojamiento",810957,0,0,0,0,0,0,0,0,0,0,0,0,0,0,0,0,0,0
2020,14438,5511,5511,"I1 Alojamiento",1422333,0,0,0,0,0,0,0,0,0,0,0,0,0,0,0,0,0,0
2020,14442,5511,5511,"I1 Alojamiento",3986720,0,0,0,0,0,0,0,0,0,0,0,0,0,0,0,0,0,0
2020,14477,5511,5511,"I1 Alojamiento",1074612,0,0,0,0,0,0,0,0,0,0,0,0,0,0,0,0,0,0
2020,14492,5530,5512,"I1 Alojamiento",853702,0,0,0,0,0,0,0,0,0,0,0,0,0,0,0,0,0,0
2020,14499,5511,5511,"I1 Alojamiento",466079,0,0,0,0,0,0,0,0,0,0,0,0,0,0,0,0,0,0
2020,19657,5511,5511,"I1 Alojamiento",1206924,0,0,0,0,0,0,0,0,0,0,0,0,0,0,0,0,0,0
2020,19658,5511,5511,"I1 Alojamiento",756195,0,0,0,0,0,0,0,0,0,0,0,0,0,0,0,0,0,0
2020,14524,5511,5511,"I1 Alojamiento",944993,0,0,0,0,0,0,0,0,0,0,0,0,0,0,0,0,0,0
2020,14525,5511,5511,"I1 Alojamiento",10607588,0,0,0,0,0,0,0,0,0,0,0,0,0,0,0,0,0,0
2020,14526,5511,5511,"I1 Alojamiento",4974720,0,0,0,0,0,0,0,0,0,0,0,0,0,0,0,0,0,0
2020,14554,5511,5511,"I1 Alojamiento",663025,0,0,0,0,0,0,0,0,0,0,0,0,0,0,0,0,0,0
2020,14555,5514,5519,"I1 Alojamiento",291184,0,0,0,0,0,0,0,0,0,0,0,0,0,0,0,0,0,0
2020,14562,5511,5511,"I1 Alojamiento",2260555,0,0,0,0,0,0,0,0,0,0,0,0,0,0,0,0,0,0
2020,19662,5511,5511,"I1 Alojamiento",1150956,0,0,0,0,0,0,0,0,0,0,0,0,0,0,0,0,0,0
2020,19663,5511,5511,"I1 Alojamiento",433731,0,0,0,0,0,0,0,0,0,0,0,0,0,0,0,0,0,0
2020,19664,5514,5519,"I1 Alojamiento",575775,0,0,0,0,0,0,0,0,0,0,0,0,0,0,0,0,0,0
2020,20152,5511,5511,"I1 Alojamiento",4294243,0,0,0,0,0,0,0,0,0,0,0,0,0,0,0,0,0,0
2020,14565,5511,5511,"I1 Alojamiento",20584710,0,0,0,0,0,0,0,0,0,0,0,0,0,0,0,0,0,0
2020,14569,5511,5511,"I1 Alojamiento",8243233,0,0,0,0,0,0,0,0,0,0,0,0,0,0,0,0,0,0
2020,14572,5511,5511,"I1 Alojamiento",36371201,0,0,0,0,0,0,0,0,0,0,0,0,0,0,0,0,0,0
2020,14573,5511,5511,"I1 Alojamiento",9512989,0,0,1,0,1,0,0,0,0,0,0,0,0,0,0,0,0,0
2020,14574,5511,5511,"I1 Alojamiento",12017100,0,0,0,0,0,0,0,0,0,0,0,0,0,0,0,0,0,0
2020,14643,5511,5511,"I1 Alojamiento",2653657,0,0,0,0,0,0,0,0,0,0,0,0,0,0,0,0,0,0
2020,14655,5511,5511,"I1 Alojamiento",736885,0,0,0,0,0,0,0,0,0,0,0,0,0,0,0,0,0,0
2020,14657,5511,5511,"I1 Alojamiento",1377953,0,0,0,0,0,0,0,0,0,0,0,0,0,0,0,0,0,0
2020,14658,5511,5511,"I1 Alojamiento",1061961,0,0,0,0,0,0,0,0,0,0,0,0,0,0,0,0,0,0
2020,14664,5530,5512,"I1 Alojamiento",1184647,0,0,0,0,0,0,0,0,0,0,0,0,0,0,0,0,0,0
2020,14668,5530,5512,"I1 Alojamiento",835510,0,0,0,0,0,0,0,0,0,0,0,0,0,0,0,0,0,0
2020,14672,5511,5511,"I1 Alojamiento",644767,0,0,0,0,0,0,0,0,0,0,0,0,0,0,0,0,0,0
2020,14684,5511,5511,"I1 Alojamiento",357999,0,0,0,0,0,0,0,0,0,0,0,0,0,0,0,0,0,0
2020,14685,5511,5511,"I1 Alojamiento",406459,0,0,0,0,0,0,0,0,0,0,0,0,0,0,0,0,0,0
2020,14689,5511,5511,"I1 Alojamiento",347741,0,0,0,0,0,0,0,0,0,0,0,0,0,0,0,0,0,0
